이용일,이용 고객명,이용카드명,이용하신곳,국내이용금액 (원),년,월,일,이용 브랜드,카테고리
2023-09-30,경국민,KB국민 나라사랑체크카드(일반형 비RF),쿠팡(쿠페이),7390,2023,9,30,쿠팡,전자상거래
2023-09-29,경국민,KB국민 나라사랑체크카드(일반형 비RF),홈플러스(주),58540,2023,9,29,홈플러스,종합소매점
2023-09-27,경국민,KB국민 나라사랑체크카드(일반형 비RF),11번가-SK PAY,13849,2023,9,27,SKPAY,결제대행
2023-09-26,경국민,KB국민 탄탄대로 Miz&Mr 티타늄카드,쿠팡(와우 멤버십),4990,2023,9,26,쿠팡,전자상거래
2023-09-22,경국민,KB국민 나라사랑체크카드(일반형 비RF),씨유 옥련1호점,2400,2023,9,22,씨유,편의점
2023-09-22,경국민,KB국민 탄탄대로 Miz&Mr 티타늄카드,에이스아메리칸 화재해상보험주식회사,30760,2023,9,22,에이스아메리칸화재해상보험,금융/보험
2023-09-22,경국민,KB국민 탄탄대로 Miz&Mr 티타늄카드,에이스아메리칸 화재해상보험주식회사,34740,2023,9,22,에이스아메리칸화재해상보험,금융/보험
2023-09-19,경국민,KB국민 나라사랑체크카드(일반형 비RF),인터파크티켓-주식회사인터파크,1000,2023,9,19,인터파크티켓,문화
2023-09-18,경국민,KB국민 나라사랑체크카드(일반형 비RF),GS25 옥련백산점,7200,2023,9,18,GS25,편의점
2023-09-18,경국민,KB국민 나라사랑체크카드(일반형 비RF),씨유 용산한강진점,1000,2023,9,18,씨유,편의점
2023-09-16,경국민,KB국민 나라사랑체크카드(일반형 비RF),인터파크티켓-주식회사인터파크,1000,2023,9,16,인터파크티켓,문화
2023-09-16,경국민,KB국민 탄탄대로 Miz&Mr 티타늄카드,NICE결제대행,5830,2023,9,16,NICE결제대행,결제대행
2023-09-15,경국민,KB국민 탄탄대로 Miz&Mr 티타늄카드,라이나생명보험(주),24490,2023,9,15,라이나생명보험,금융/보험
2023-09-15,경국민,KB국민 탄탄대로 Miz&Mr 티타늄카드,라이나생명보험(주),29900,2023,9,15,라이나생명보험,금융/보험
2023-09-15,경국민,KB국민 탄탄대로 Miz&Mr 티타늄카드,브이피(주),6900,2023,9,15,브이피,금융/보험
2023-09-14,경국민,KB국민 나라사랑체크카드(일반형 비RF),GS25 옥련백산점,5550,2023,9,14,GS25,편의점
2023-09-13,경국민,KB국민 나라사랑체크카드(일반형 비RF),NICE 결제대행,3000,2023,9,13,NICE결제대행,결제대행
2023-09-12,경국민,KB국민 탄탄대로 Miz&Mr 티타늄카드,SK매직_KICC,23900,2023,9,12,SK매직,기타 서비스
2023-09-12,경국민,KB국민 탄탄대로 Miz&Mr 티타늄카드,KB라이프생명보험,357300,2023,9,12,KB라이프생명,금융/보험
2023-09-11,경국민,KB국민 탄탄대로 Miz&Mr 티타늄카드,버스 2 건,5250,2023,9,11,버스,대중교통
2023-09-11,경국민,KB국민 탄탄대로 Miz&Mr 티타늄카드,지하철 1 건,1250,2023,9,11,지하철,대중교통
2023-09-11,경국민,KB국민 탄탄대로 Miz&Mr 티타늄카드,터널/도로 4 건,22000,2023,9,11,터널/도로,교통
2023-09-10,경국민,KB국민 탄탄대로 Miz&Mr 티타늄카드,(주)위메프_문화비,158200,2023,9,10,위메프,전자상거래
2023-09-09,경국민,KB국민 탄탄대로 Miz&Mr 티타늄카드,(주)위메프_문화비,136200,2023,9,9,위메프,전자상거래
2023-09-08,경국민,KB국민 탄탄대로 Miz&Mr 티타늄카드,APPLE,1100,2023,9,8,APPLE,통신업
2023-09-07,경국민,KB국민 탄탄대로 Miz&Mr 티타늄카드,에이스아메리칸 화재해상보험주식회사,16690,2023,9,7,에이스아메리칸화재해상보험,금융/보험
2023-09-06,경국민,KB국민 탄탄대로 Miz&Mr 티타늄카드,주식회사 아성다이소,5000,2023,9,6,다이소,기타도소매
2023-09-03,경국민,KB국민 탄탄대로 Miz&Mr 티타늄카드,이니시스(일반),99410,2023,9,3,이니시스,전자상거래
2023-09-03,경국민,KB국민 나라사랑체크카드(일반형 비RF),NETFLIX_INICIS,17000,2023,9,3,NETFLIX,문화
2023-09-02,경국민,KB국민 나라사랑체크카드(일반형 비RF),이니시스(일반),84301,2023,9,2,이니시스,전자상거래
2023-09-01,경국민,KB국민 나라사랑체크카드(일반형 비RF),GS25 옥련백산점,2800,2023,9,1,GS25,편의점
2023-09-27,강리브,KB국민 나라사랑체크카드(일반형 비RF),스타벅스코리아,500,2023,9,27,스타벅스,커피/음료
2023-09-22,강리브,KB국민 탄탄대로 Miz&Mr 티타늄카드,에이스아메리칸 화재해상보험주식회사,30760,2023,9,22,에이스아메리칸화재해상보험,금융/보험
2023-09-22,강리브,KB국민 탄탄대로 Miz&Mr 티타늄카드,에이스아메리칸 화재해상보험주식회사,34740,2023,9,22,에이스아메리칸화재해상보험,금융/보험
2023-09-21,강리브,KB국민 나라사랑체크카드(일반형 비RF),스타벅스_사이렌오더,7500,2023,9,21,스타벅스,커피/음료
2023-09-19,강리브,KB국민 나라사랑체크카드(일반형 비RF),GS25 옥련백산점,6700,2023,9,19,GS25,편의점
2023-09-19,강리브,KB국민 나라사랑체크카드(일반형 비RF),인터파크티켓,1000,2023,9,19,인터파크티켓,문화
2023-09-19,강리브,KB국민 나라사랑체크카드(일반형 비RF),인터파크티켓,1000,2023,9,19,인터파크티켓,문화
2023-09-17,강리브,KB국민 탄탄대로 Miz&Mr 티타늄카드,인터파크티켓-문화비-주식회사인터파크,113200,2023,9,17,인터파크티켓,문화
2023-09-17,강리브,KB국민 탄탄대로 Miz&Mr 티타늄카드,NICE결제대행,5830,2023,9,17,NICE결제대행,결제대행
2023-09-16,강리브,KB국민 나라사랑체크카드(일반형 비RF),쿠팡(쿠페이),9550,2023,9,16,쿠팡,전자상거래
2023-09-16,강리브,KB국민 탄탄대로 Miz&Mr 티타늄카드,인터파크티켓-문화비,114200,2023,9,16,인터파크티켓,문화
2023-09-15,강리브,KB국민 탄탄대로 Miz&Mr 티타늄카드,인터파크티켓-문화비,114200,2023,9,15,인터파크티켓,문화
2023-09-15,강리브,KB국민 탄탄대로 Miz&Mr 티타늄카드,라이나생명보험(주),24490,2023,9,15,라이나생명보험,금융/보험
2023-09-15,강리브,KB국민 탄탄대로 Miz&Mr 티타늄카드,라이나생명보험(주),29900,2023,9,15,라이나생명보험,금융/보험
2023-09-15,강리브,KB국민 나라사랑체크카드(일반형 비RF),명진엔지니어링,120000,2023,9,15,명진엔지니어링,기타도소매
2023-09-15,강리브,KB국민 탄탄대로 Miz&Mr 티타늄카드,브이피(주),6900,2023,9,15,브이피,금융/보험
2023-09-14,강리브,KB국민 나라사랑체크카드(일반형 비RF),네이버페이,2034,2023,9,14,네이버페이,결제대행
2023-09-13,강리브,KB국민 탄탄대로 Miz&Mr 티타늄카드,대표비인증_스마트로 4,1000,2023,9,13,대표비인증_스마트로 4,통신업
2023-09-13,강리브,KB국민 나라사랑체크카드(일반형 비RF),스타벅스코리아,3600,2023,9,13,스타벅스,커피/음료
2023-09-12,강리브,KB국민 나라사랑체크카드(일반형 비RF),오마이헤어 (O my hair),15000,2023,9,12,오마이헤어,미용
2023-09-11,강리브,KB국민 탄탄대로 Miz&Mr 티타늄카드,터널/도로 4 건,22000,2023,9,11,터널/도로,교통
2023-09-11,강리브,KB국민 탄탄대로 Miz&Mr 티타늄카드,지하철 3 건,4500,2023,9,11,지하철,대중교통
2023-09-11,강리브,KB국민 탄탄대로 Miz&Mr 티타늄카드,버스 7 건,12050,2023,9,11,버스,대중교통
2023-09-10,강리브,KB국민 탄탄대로 Miz&Mr 티타늄카드,옥션,1499950,2023,9,10,옥션,전자상거래
2023-09-10,강리브,KB국민 탄탄대로 Miz&Mr 티타늄카드,SK매직_KICC,23900,2023,9,10,SK매직,기타 서비스
2023-09-10,강리브,KB국민 탄탄대로 Miz&Mr 티타늄카드,KB라이프생명보험,357300,2023,9,10,KB라이프생명,금융/보험
2023-09-08,강리브,KB국민 탄탄대로 Miz&Mr 티타늄카드,에이스아메리칸 화재해상보험주식회사,16690,2023,9,8,에이스아메리칸화재해상보험,금융/보험
2023-09-08,강리브,KB국민 탄탄대로 Miz&Mr 티타늄카드,APPLE,1100,2023,9,8,APPLE,통신업
2023-09-07,강리브,KB국민 나라사랑체크카드(일반형 비RF),GS25 옥련백산점,1800,2023,9,7,GS25,편의점
2023-09-04,강리브,KB국민 나라사랑체크카드(일반형 비RF),세븐일레븐 옥련점,4500,2023,9,4,세븐일레븐,편의점
2023-09-03,강리브,KB국민 나라사랑체크카드(일반형 비RF),NETFLIX_INICIS,17000,2023,9,3,NETFLIX,문화
2023-09-30,하리브,KB국민 나라사랑체크카드(일반형 비RF),GS25 옥련백산점,2930,2023,9,30,GS25,편의점
2023-09-29,하리브,KB국민 나라사랑체크카드(일반형 비RF),쿠팡(쿠페이),33890,2023,9,29,쿠팡,전자상거래
2023-09-24,하리브,KB국민 탄탄대로 Miz&Mr 티타늄카드,에이스아메리칸 화재해상보험주식회사,34740,2023,9,24,에이스아메리칸화재해상보험,금융/보험
2023-09-24,하리브,KB국민 탄탄대로 Miz&Mr 티타늄카드,에이스아메리칸 화재해상보험주식회사,30760,2023,9,24,에이스아메리칸화재해상보험,금융/보험
2023-09-23,하리브,KB국민 탄탄대로 Miz&Mr 티타늄카드,쿠팡(쿠페이),25800,2023,9,23,쿠팡,전자상거래
2023-09-23,하리브,KB국민 탄탄대로 Miz&Mr 티타늄카드,쿠팡(쿠페이)-쿠팡(쿠페이),779000,2023,9,23,쿠팡,전자상거래
2023-09-23,하리브,KB국민 나라사랑체크카드(일반형 비RF),롯데쇼핑(주),63180,2023,9,23,롯데쇼핑,종합소매점
2023-09-22,하리브,KB국민 탄탄대로 Miz&Mr 티타늄카드,쿠팡(쿠페이),862500,2023,9,22,쿠팡,전자상거래
2023-09-22,하리브,KB국민 탄탄대로 Miz&Mr 티타늄카드,KOCES_자판기_1,1000,2023,9,22,자판기,기타도소매
2023-09-20,하리브,KB국민 탄탄대로 Miz&Mr 티타늄카드,GS25 옥련백산점,2600,2023,9,20,GS25,편의점
2023-09-20,하리브,KB국민 나라사랑체크카드(일반형 비RF),쿠팡(쿠페이),6880,2023,9,20,쿠팡,전자상거래
2023-09-19,하리브,KB국민 탄탄대로 Miz&Mr 티타늄카드,쿠팡(쿠페이),779000,2023,9,19,쿠팡,전자상거래
2023-09-19,하리브,KB국민 탄탄대로 Miz&Mr 티타늄카드,쿠팡(와우 멤버십),4990,2023,9,19,쿠팡,전자상거래
2023-09-17,하리브,KB국민 탄탄대로 Miz&Mr 티타늄카드,라이나생명보험(주),24490,2023,9,17,라이나생명보험,금융/보험
2023-09-17,하리브,KB국민 탄탄대로 Miz&Mr 티타늄카드,라이나생명보험(주),29900,2023,9,17,라이나생명보험,금융/보험
2023-09-17,하리브,KB국민 탄탄대로 Miz&Mr 티타늄카드,브이피(주),6900,2023,9,17,브이피,금융/보험
2023-09-17,하리브,KB국민 탄탄대로 Miz&Mr 티타늄카드,NICE결제대행,5830,2023,9,17,NICE결제대행,결제대행
2023-09-16,하리브,KB국민 나라사랑체크카드(일반형 비RF),GS25 옥련백산점,7680,2023,9,16,GS25,편의점
2023-09-15,하리브,KB국민 나라사랑체크카드(일반형 비RF),11번가-SK PAY,59997,2023,9,15,SKPAY,결제대행
2023-09-14,하리브,KB국민 나라사랑체크카드(일반형 비RF),세븐일레븐 M서초역점,2000,2023,9,14,세븐일레븐,편의점
2023-09-14,하리브,KB국민 나라사랑체크카드(일반형 비RF),네이버페이,2511,2023,9,14,네이버페이,결제대행
2023-09-12,하리브,KB국민 나라사랑체크카드(일반형 비RF),씨유 제주메가리조트점,3500,2023,9,12,씨유,편의점
2023-09-11,하리브,KB국민 탄탄대로 Miz&Mr 티타늄카드,지하철 8 건,8850,2023,9,11,지하철,대중교통
2023-09-11,하리브,KB국민 탄탄대로 Miz&Mr 티타늄카드,버스 43 건,131050,2023,9,11,버스,대중교통
2023-09-10,하리브,KB국민 탄탄대로 Miz&Mr 티타늄카드,세븐일레븐  제주더테라스점,2000,2023,9,10,세븐일레븐,편의점
2023-09-10,하리브,KB국민 탄탄대로 Miz&Mr 티타늄카드,SK매직_KICC,23900,2023,9,10,SK매직,기타 서비스
2023-09-10,하리브,KB국민 탄탄대로 Miz&Mr 티타늄카드,KB라이프생명보험,357300,2023,9,10,KB라이프생명,금융/보험
2023-09-09,하리브,KB국민 나라사랑체크카드(일반형 비RF),세븐일레븐 여의서울점,19000,2023,9,9,세븐일레븐,편의점
2023-09-08,하리브,KB국민 탄탄대로 Miz&Mr 티타늄카드,APPLE,1100,2023,9,8,APPLE,통신업
2023-09-07,하리브,KB국민 탄탄대로 Miz&Mr 티타늄카드,에이스아메리칸 화재해상보험주식회사,16690,2023,9,7,에이스아메리칸화재해상보험,금융/보험
2023-09-07,하리브,KB국민 나라사랑체크카드(일반형 비RF),GS25 서초한신점,2300,2023,9,7,GS25,편의점
2023-09-06,하리브,KB국민 나라사랑체크카드(일반형 비RF),매머드익스프레스 남부터미널점,1600,2023,9,6,이디야커피,커피/음료
2023-09-06,하리브,KB국민 나라사랑체크카드(일반형 비RF),신라샤브 남부터미널점,15000,2023,9,6,남부,기타 외식
2023-09-05,하리브,KB국민 나라사랑체크카드(일반형 비RF),인터파크_이니시스,54509,2023,9,5,이니시스,전자상거래
2023-09-04,하리브,KB국민 나라사랑체크카드(일반형 비RF),파리바게뜨 카페 서초역점,18000,2023,9,4,파리바게뜨,제과제빵
2023-09-03,하리브,KB국민 나라사랑체크카드(일반형 비RF),1001안경남부터미널점,3000,2023,9,3,남부,기타 외식
2023-09-03,하리브,KB국민 나라사랑체크카드(일반형 비RF),솔약국,4000,2023,9,3,솔약국,건강/의료
2023-09-03,하리브,KB국민 나라사랑체크카드(일반형 비RF),NETFLIX_INICIS,17000,2023,9,3,NETFLIX,문화
2023-09-02,하리브,KB국민 나라사랑체크카드(일반형 비RF),이니시스(빌링),800,2023,9,2,이니시스,전자상거래
2023-09-01,하리브,KB국민 탄탄대로 Miz&Mr 티타늄카드,GS25 옥련백산점,3200,2023,9,1,GS25,편의점
2023-09-30,정국민,KB국민 나라사랑체크카드(일반형 비RF),한솔프라자약국,5500,2023,9,30,한솔프라자약국,건강/의료
2023-09-30,정국민,KB국민 나라사랑체크카드(일반형 비RF),매머드익스프레스 남부터미널점,1600,2023,9,30,이디야커피,커피/음료
2023-09-30,정국민,KB국민 탄탄대로 Miz&Mr 티타늄카드,라이나생명보험(주),24490,2023,9,30,라이나생명보험,금융/보험
2023-09-29,정국민,KB국민 나라사랑체크카드(일반형 비RF),고품격커피공장,3500,2023,9,29,고품격 커피공장,커피/음료
2023-09-29,정국민,KB국민 나라사랑체크카드(일반형 비RF),고기반장,10000,2023,9,29,고기반장,기타 외식
2023-09-28,정국민,KB국민 탄탄대로 Miz&Mr 티타늄카드,라이나생명보험(주),29900,2023,9,28,라이나생명보험,금융/보험
2023-09-27,정국민,KB국민 나라사랑체크카드(일반형 비RF),솔약국,10000,2023,9,27,솔약국,건강/의료
2023-09-27,정국민,KB국민 나라사랑체크카드(일반형 비RF),토다(TODAH) 서초,3500,2023,9,27,토다(TODAH) 서초,커피/음료
2023-09-27,정국민,KB국민 나라사랑체크카드(일반형 비RF),백암푸드,10000,2023,9,27,백암푸드,한식
2023-09-27,정국민,KB국민 나라사랑체크카드(일반형 비RF),이니시스(일반),35800,2023,9,27,이니시스,전자상거래
2023-09-25,정국민,KB국민 탄탄대로 Miz&Mr 티타늄카드,문화비_티켓링크_PAYCO-NHN링크,1000,2023,9,25,티켓링크,문화
2023-09-24,정국민,KB국민 탄탄대로 Miz&Mr 티타늄카드,멜론티켓(문화비),137000,2023,9,24,멜론티켓,문화
2023-09-24,정국민,KB국민 나라사랑체크카드(일반형 비RF),인터파크티켓-주식회사인터파크,1000,2023,9,24,인터파크티켓,문화
2023-09-24,정국민,KB국민 나라사랑체크카드(일반형 비RF),인터파크티켓-주식회사인터파크,2000,2023,9,24,인터파크티켓,문화
2023-09-23,정국민,KB국민 나라사랑체크카드(일반형 비RF),차이나비스트로,8000,2023,9,23,차이,커피/음료
2023-09-22,정국민,KB국민 탄탄대로 Miz&Mr 티타늄카드,에이스아메리칸 화재해상보험주식회사,30760,2023,9,22,에이스아메리칸화재해상보험,금융/보험
2023-09-22,정국민,KB국민 탄탄대로 Miz&Mr 티타늄카드,에이스아메리칸 화재해상보험주식회사,34740,2023,9,22,에이스아메리칸화재해상보험,금융/보험
2023-09-22,정국민,KB국민 나라사랑체크카드(일반형 비RF),매머드익스프레스 남부터미널점,1600,2023,9,22,이디야커피,커피/음료
2023-09-18,정국민,KB국민 나라사랑체크카드(일반형 비RF),GS25 옥련백산점,10360,2023,9,18,GS25,편의점
2023-09-18,정국민,KB국민 탄탄대로 Miz&Mr 티타늄카드,NICE결제대행,5830,2023,9,18,NICE결제대행,결제대행
2023-09-16,정국민,KB국민 탄탄대로 Miz&Mr 티타늄카드,문화비_티켓링크_PAYCO,161000,2023,9,16,티켓링크,문화
2023-09-16,정국민,KB국민 나라사랑체크카드(일반형 비RF),매머드익스프레스 서초효령로점,1600,2023,9,16,이디야커피,커피/음료
2023-09-16,정국민,KB국민 나라사랑체크카드(일반형 비RF),우마이돈,12000,2023,9,16,우마이돈,기타 외식
2023-09-15,정국민,KB국민 나라사랑체크카드(일반형 비RF),칠갑청국장,10000,2023,9,15,칠갑청국장,한식
2023-09-15,정국민,KB국민 탄탄대로 Miz&Mr 티타늄카드,브이피(주),6900,2023,9,15,브이피,금융/보험
2023-09-15,정국민,KB국민 나라사랑체크카드(일반형 비RF),GS25 서초한신점,2300,2023,9,15,GS25,편의점
2023-09-14,정국민,KB국민 탄탄대로 Miz&Mr 티타늄카드,인터파크티켓-문화비-주식회사인터파크,300000,2023,9,14,인터파크티켓,문화
2023-09-14,정국민,KB국민 나라사랑체크카드(일반형 비RF),네이버페이,5290,2023,9,14,네이버페이,결제대행
2023-09-13,정국민,KB국민 나라사랑체크카드(일반형 비RF),인터파크티켓,1000,2023,9,13,인터파크티켓,문화
2023-09-13,정국민,KB국민 나라사랑체크카드(일반형 비RF),GS25 서초한신점,2300,2023,9,13,GS25,편의점
2023-09-13,정국민,KB국민 나라사랑체크카드(일반형 비RF),삼대나주곰탕,11000,2023,9,13,삼대나주곰탕,한식
2023-09-12,정국민,KB국민 나라사랑체크카드(일반형 비RF),GS25 옥련백산점,2800,2023,9,12,GS25,편의점
2023-09-11,정국민,KB국민 나라사랑체크카드(일반형 비RF),지에스25에스 강남역1호점,1710,2023,9,11,지에스25,편의점
2023-09-11,정국민,KB국민 나라사랑체크카드(일반형 비RF),지에스25에스 강남역1호점,3500,2023,9,11,지에스25,편의점
2023-09-11,정국민,KB국민 탄탄대로 Miz&Mr 티타늄카드,GS25 올림픽공원1호점,2000,2023,9,11,GS25,편의점
2023-09-11,정국민,KB국민 탄탄대로 Miz&Mr 티타늄카드,지하철 4 건,7300,2023,9,11,지하철,대중교통
2023-09-11,정국민,KB국민 탄탄대로 Miz&Mr 티타늄카드,버스 36 건,104950,2023,9,11,버스,대중교통
2023-09-10,정국민,KB국민 탄탄대로 Miz&Mr 티타늄카드,SK매직_KICC,23900,2023,9,10,SK매직,기타 서비스
2023-09-10,정국민,KB국민 나라사랑체크카드(일반형 비RF),인터파크티켓-주식회사인터파크,1000,2023,9,10,인터파크티켓,문화
2023-09-10,정국민,KB국민 탄탄대로 Miz&Mr 티타늄카드,KB라이프생명보험,357300,2023,9,10,KB라이프생명,금융/보험
2023-09-09,정국민,KB국민 탄탄대로 Miz&Mr 티타늄카드,인터파크티켓-문화비-주식회사인터파크,89500,2023,9,9,인터파크티켓,문화
2023-09-08,정국민,KB국민 나라사랑체크카드(일반형 비RF),주식회사 루엘드파리,7250,2023,9,8,루엘드파리,제과제빵
2023-09-08,정국민,KB국민 탄탄대로 Miz&Mr 티타늄카드,APPLE,1100,2023,9,8,APPLE,통신업
2023-09-07,정국민,KB국민 탄탄대로 Miz&Mr 티타늄카드,문화비_티켓링크_PAYCO,1000,2023,9,7,티켓링크,문화
2023-09-07,정국민,KB국민 나라사랑체크카드(일반형 비RF),하오차이,12000,2023,9,7,하오차이,중식
2023-09-07,정국민,KB국민 탄탄대로 Miz&Mr 티타늄카드,에이스아메리칸 화재해상보험주식회사,16690,2023,9,7,에이스아메리칸화재해상보험,금융/보험
2023-09-07,정국민,KB국민 나라사랑체크카드(일반형 비RF),네이버페이,10034,2023,9,7,네이버페이,결제대행
2023-09-07,정국민,KB국민 나라사랑체크카드(일반형 비RF),GS25 서초한신점,1700,2023,9,7,GS25,편의점
2023-09-06,정국민,KB국민 탄탄대로 Miz&Mr 티타늄카드,KB국민카드_카카오페이(일반)_개인영세,56700,2023,9,6,카카오페이,결제대행
2023-09-06,정국민,KB국민 나라사랑체크카드(일반형 비RF),고품격커피공장,3500,2023,9,6,고품격 커피공장,커피/음료
2023-09-06,정국민,KB국민 나라사랑체크카드(일반형 비RF),함평한우고깃집,13000,2023,9,6,함평한우고깃집,한식
2023-09-03,정국민,KB국민 나라사랑체크카드(일반형 비RF),NETFLIX_INICIS,17000,2023,9,3,NETFLIX,문화
2023-09-02,정국민,KB국민 나라사랑체크카드(일반형 비RF),오마이헤어 (O my hair),15000,2023,9,2,오마이헤어,미용
2023-09-26,최국민,KB국민 탄탄대로 Miz&Mr 티타늄카드,자판기,1000,2023,9,26,자판기,기타도소매
2023-09-24,최국민,KB국민 탄탄대로 Miz&Mr 티타늄카드,으뜸50안경 신촌점,169000,2023,9,24,으뜸50안경,안경
2023-09-23,최국민,KB국민 탄탄대로 Miz&Mr 티타늄카드,에이스아메리칸 화재해상보험주식회사,30760,2023,9,23,에이스아메리칸화재해상보험,금융/보험
2023-09-23,최국민,KB국민 탄탄대로 Miz&Mr 티타늄카드,에이스아메리칸 화재해상보험주식회사,34740,2023,9,23,에이스아메리칸화재해상보험,금융/보험
2023-09-23,최국민,KB국민 나라사랑체크카드(일반형 비RF),고품격커피공장,4800,2023,9,23,고품격 커피공장,커피/음료
2023-09-23,최국민,KB국민 탄탄대로 Miz&Mr 티타늄카드,인터파크티켓-문화비,94500,2023,9,23,인터파크티켓,문화
2023-09-22,최국민,KB국민 나라사랑체크카드(일반형 비RF),GS25 옥련백산점,4100,2023,9,22,GS25,편의점
2023-09-20,최국민,KB국민 나라사랑체크카드(일반형 비RF),인터파크티켓-주식회사인터파크,2000,2023,9,20,인터파크티켓,문화
2023-09-20,최국민,KB국민 나라사랑체크카드(일반형 비RF),씨유 서초한빛점,1600,2023,9,20,씨유,편의점
2023-09-19,최국민,KB국민 탄탄대로 Miz&Mr 티타늄카드,11번가-문화비,156800,2023,9,19,11번가,전자상거래
2023-09-18,최국민,KB국민 탄탄대로 Miz&Mr 티타늄카드,11번가-문화비,74236,2023,9,18,11번가,전자상거래
2023-09-18,최국민,KB국민 탄탄대로 Miz&Mr 티타늄카드,11번가-문화비,132000,2023,9,18,11번가,전자상거래
2023-09-17,최국민,KB국민 나라사랑체크카드(일반형 비RF),백암푸드,10000,2023,9,17,백암푸드,한식
2023-09-17,최국민,KB국민 탄탄대로 Miz&Mr 티타늄카드,인터파크티켓-문화비,313000,2023,9,17,인터파크티켓,문화
2023-09-16,최국민,KB국민 나라사랑체크카드(일반형 비RF),인터파크티켓,1000,2023,9,16,인터파크티켓,문화
2023-09-16,최국민,KB국민 나라사랑체크카드(일반형 비RF),GS25 서초한신점,2300,2023,9,16,GS25,편의점
2023-09-16,최국민,KB국민 탄탄대로 Miz&Mr 티타늄카드,NICE결제대행,5830,2023,9,16,NICE결제대행,결제대행
2023-09-15,최국민,KB국민 나라사랑체크카드(일반형 비RF),GS25 옥련백산점,2700,2023,9,15,GS25,편의점
2023-09-15,최국민,KB국민 탄탄대로 Miz&Mr 티타늄카드,브이피(주),6900,2023,9,15,브이피,금융/보험
2023-09-14,최국민,KB국민 나라사랑체크카드(일반형 비RF),GS25 서초한신점,1400,2023,9,14,GS25,편의점
2023-09-14,최국민,KB국민 탄탄대로 Miz&Mr 티타늄카드,인터파크티켓ONEPAY_문화비-(주)인터파크,267000,2023,9,14,인터파크티켓,문화
2023-09-14,최국민,KB국민 나라사랑체크카드(일반형 비RF),우마이돈,12000,2023,9,14,우마이돈,기타 외식
2023-09-14,최국민,KB국민 나라사랑체크카드(일반형 비RF),네이버페이,3379,2023,9,14,네이버페이,결제대행
2023-09-14,최국민,KB국민 탄탄대로 Miz&Mr 티타늄카드,11번가-문화비,156800,2023,9,14,11번가,전자상거래
2023-09-13,최국민,KB국민 나라사랑체크카드(일반형 비RF),인터파크티켓-주식회사인터파크,2000,2023,9,13,인터파크티켓,문화
2023-09-11,최국민,KB국민 탄탄대로 Miz&Mr 티타늄카드,버스 35 건,107900,2023,9,11,버스,대중교통
2023-09-11,최국민,KB국민 탄탄대로 Miz&Mr 티타늄카드,지하철 4 건,6000,2023,9,11,지하철,대중교통
2023-09-11,최국민,KB국민 나라사랑체크카드(일반형 비RF),인터파크티켓,2000,2023,9,11,인터파크티켓,문화
2023-09-11,최국민,KB국민 탄탄대로 Miz&Mr 티타늄카드,11번가-문화비,206236,2023,9,11,11번가,전자상거래
2023-09-10,최국민,KB국민 탄탄대로 Miz&Mr 티타늄카드,인터파크티켓ONEPAY_문화비,269000,2023,9,10,인터파크티켓,문화
2023-09-10,최국민,KB국민 탄탄대로 Miz&Mr 티타늄카드,SK매직_KICC,23900,2023,9,10,SK매직,기타 서비스
2023-09-10,최국민,KB국민 탄탄대로 Miz&Mr 티타늄카드,KB라이프생명보험,357300,2023,9,10,KB라이프생명,금융/보험
2023-09-10,최국민,KB국민 나라사랑체크카드(일반형 비RF),인터파크티켓,2000,2023,9,10,인터파크티켓,문화
2023-09-09,최국민,KB국민 나라사랑체크카드(일반형 비RF),인터파크티켓,2000,2023,9,9,인터파크티켓,문화
2023-09-09,최국민,KB국민 나라사랑체크카드(일반형 비RF),인터파크티켓,2000,2023,9,9,인터파크티켓,문화
2023-09-08,최국민,KB국민 탄탄대로 Miz&Mr 티타늄카드,인터파크티켓-문화비,136000,2023,9,8,인터파크티켓,문화
2023-09-08,최국민,KB국민 나라사랑체크카드(일반형 비RF),매머드익스프레스 남부터미널점,1600,2023,9,8,이디야커피,커피/음료
2023-09-08,최국민,KB국민 탄탄대로 Miz&Mr 티타늄카드,APPLE,1100,2023,9,8,APPLE,통신업
2023-09-07,최국민,KB국민 탄탄대로 Miz&Mr 티타늄카드,에이스아메리칸 화재해상보험주식회사,16690,2023,9,7,에이스아메리칸화재해상보험,금융/보험
2023-09-04,최국민,KB국민 나라사랑체크카드(일반형 비RF),GS25 옥련백산점,1800,2023,9,4,GS25,편의점
2023-09-03,최국민,KB국민 나라사랑체크카드(일반형 비RF),고품격커피공장,3500,2023,9,3,고품격 커피공장,커피/음료
2023-09-03,최국민,KB국민 나라사랑체크카드(일반형 비RF),NETFLIX_INICIS,17000,2023,9,3,NETFLIX,문화
2023-09-02,최국민,KB국민 나라사랑체크카드(일반형 비RF),GS25 서초한신점,2300,2023,9,2,GS25,편의점
2023-09-01,최국민,KB국민 나라사랑체크카드(일반형 비RF),매머드익스프레스 남부터미널점,3900,2023,9,1,이디야커피,커피/음료
2023-09-28,박리브,KB국민 탄탄대로 Miz&Mr 티타늄카드,GS25 옥련백산점,3900,2023,9,28,GS25,편의점
2023-09-25,박리브,KB국민 탄탄대로 Miz&Mr 티타늄카드,에이스아메리칸 화재해상보험주식회사,34740,2023,9,25,에이스아메리칸화재해상보험,금융/보험
2023-09-25,박리브,KB국민 탄탄대로 Miz&Mr 티타늄카드,에이스아메리칸 화재해상보험주식회사,30760,2023,9,25,에이스아메리칸화재해상보험,금융/보험
2023-09-22,박리브,KB국민 탄탄대로 Miz&Mr 티타늄카드,용호동 낙지 인천송도점,52000,2023,9,22,용호동낙지,기타 외식
2023-09-21,박리브,KB국민 나라사랑체크카드(일반형 비RF),GS25 옥련백산점,8000,2023,9,21,GS25,편의점
2023-09-21,박리브,KB국민 나라사랑체크카드(일반형 비RF),오마이헤어 (O my hair),15000,2023,9,21,오마이헤어,미용
2023-09-19,박리브,KB국민 나라사랑체크카드(일반형 비RF),컴포즈커피 남부터미널점,3000,2023,9,19,컴포즈커피,커피/음료
2023-09-18,박리브,KB국민 나라사랑체크카드(일반형 비RF),GS25 서초한신점,2300,2023,9,18,GS25,편의점
2023-09-17,박리브,KB국민 나라사랑체크카드(일반형 비RF),제주은희네해장국 예술의전당점,10000,2023,9,17,제주은희네해장국,한식
2023-09-17,박리브,KB국민 탄탄대로 Miz&Mr 티타늄카드,NICE결제대행,5830,2023,9,17,NICE결제대행,결제대행
2023-09-16,박리브,KB국민 나라사랑체크카드(일반형 비RF),고품격커피공장,3500,2023,9,16,고품격 커피공장,커피/음료
2023-09-16,박리브,KB국민 나라사랑체크카드(일반형 비RF),함평한우고깃집,13000,2023,9,16,함평한우고깃집,한식
2023-09-16,박리브,KB국민 탄탄대로 Miz&Mr 티타늄카드,브이피(주),6900,2023,9,16,브이피,금융/보험
2023-09-15,박리브,KB국민 탄탄대로 Miz&Mr 티타늄카드,자판기,1000,2023,9,15,자판기,기타도소매
2023-09-13,박리브,KB국민 탄탄대로 Miz&Mr 티타늄카드,그래놀라와오슬로우,3000,2023,9,13,라와,중식
2023-09-12,박리브,KB국민 탄탄대로 Miz&Mr 티타늄카드,멜론티켓(문화비),110500,2023,9,12,멜론티켓,문화
2023-09-12,박리브,KB국민 나라사랑체크카드(일반형 비RF),매머드익스프레스 남부터미널점,3700,2023,9,12,이디야커피,커피/음료
2023-09-12,박리브,KB국민 나라사랑체크카드(일반형 비RF),티머니 개인택시_0,42100,2023,9,12,티머니,대중교통
2023-09-11,박리브,KB국민 나라사랑체크카드(일반형 비RF),그래놀라와오슬로우,3000,2023,9,11,라와,중식
2023-09-11,박리브,KB국민 나라사랑체크카드(일반형 비RF),백암푸드,10000,2023,9,11,백암푸드,한식
2023-09-11,박리브,KB국민 탄탄대로 Miz&Mr 티타늄카드,버스 31 건,95900,2023,9,11,버스,대중교통
2023-09-11,박리브,KB국민 탄탄대로 Miz&Mr 티타늄카드,지하철 4 건,5350,2023,9,11,지하철,대중교통
2023-09-10,박리브,KB국민 탄탄대로 Miz&Mr 티타늄카드,SK매직_KICC,23900,2023,9,10,SK매직,기타 서비스
2023-09-10,박리브,KB국민 탄탄대로 Miz&Mr 티타늄카드,KB라이프생명보험,357300,2023,9,10,KB라이프생명,금융/보험
2023-09-09,박리브,KB국민 탄탄대로 Miz&Mr 티타늄카드,에이스아메리칸 화재해상보험주식회사,16690,2023,9,9,에이스아메리칸화재해상보험,금융/보험
2023-09-08,박리브,KB국민 탄탄대로 Miz&Mr 티타늄카드,APPLE,1100,2023,9,8,APPLE,통신업
2023-09-06,박리브,KB국민 나라사랑체크카드(일반형 비RF),GS25 옥련백산점,4500,2023,9,6,GS25,편의점
2023-09-05,박리브,KB국민 나라사랑체크카드(일반형 비RF),함포해장 서초점,15000,2023,9,5,함포해장,한식
2023-09-03,박리브,KB국민 나라사랑체크카드(일반형 비RF),이니시스(일반),42500,2023,9,3,이니시스,전자상거래
2023-09-03,박리브,KB국민 나라사랑체크카드(일반형 비RF),함포해장 서초점,14000,2023,9,3,함포해장,한식
2023-09-03,박리브,KB국민 나라사랑체크카드(일반형 비RF),NETFLIX_INICIS,17000,2023,9,3,NETFLIX,문화
2023-09-13,정리브,KB국민 가온올림카드(실속형),LGU+통신**04-6268 자동이체,49000,2023,9,13,LGU,통신업
2023-09-30,양국민,KB국민 가온올림카드(실속형),06월경기버스2건,4350,2023,9,30,버스,대중교통
2023-09-30,양국민,KB국민 가온올림카드(실속형),06월지하철20건,23800,2023,9,30,지하철,대중교통
2023-09-30,양국민,KB국민 가온올림카드(실속형),06월서울버스4건,0,2023,9,30,버스,대중교통
2023-09-01,정리브,KB국민 가온올림카드(실속형),GS25봉천근화점,4930,2023,9,1,GS25,편의점
2023-09-03,정리브,KB국민 가온올림카드(실속형),웨더 낙성대점,5500,2023,9,3,웨더,편의점
2023-09-03,정리브,KB국민 가온올림카드(실속형),GS25봉천근화점,5900,2023,9,3,GS25,편의점
2023-09-05,정리브,KB국민 가온올림카드(실속형),GS25봉천근화점,9700,2023,9,5,GS25,편의점
2023-09-08,정리브,KB국민 가온올림카드(실속형),무신사,32900,2023,9,8,무신사,의류/패션
2023-09-10,정리브,KB국민 가온올림카드(실속형),지에스더프레시낙성대점,30520,2023,9,10,지에스 더 프레시,기타도소매
2023-09-16,정리브,KB국민 가온올림카드(실속형),세븐일레븐 금천드림점,6500,2023,9,16,세븐일레븐,편의점
2023-09-17,정리브,KB국민 가온올림카드(실속형),GS25봉천근화점,2350,2023,9,17,GS25,편의점
2023-09-22,정리브,KB국민 가온올림카드(실속형),살롱드 키코,55000,2023,9,22,살롱 드 키코,미용
2023-09-24,정리브,KB국민 가온올림카드(실속형),지에스더프레시낙성대점,20760,2023,9,24,지에스 더 프레시,기타도소매
2023-09-26,정리브,KB국민 가온올림카드(실속형),GS25봉천근화점,11300,2023,9,26,GS25,편의점
2023-09-19,양국민,KB국민 우리동네 체크카드,㈜알라딘커뮤니케이션_엔에이치엔케이씨피,31500,2023,9,19,엔에이치엔,전자상거래
2023-09-21,양국민,KB국민 우리동네 체크카드,장독대(인헌시장점),12950,2023,9,21,장독대,기타도소매
2023-09-21,양국민,KB국민 우리동네 체크카드,대한민국 명장이만든 명장국밥,9000,2023,9,21,대한민국 명장이 만든 명장국밥,한식
2023-09-22,양국민,KB국민 우리동네 체크카드,지에스 더 프레시 낙성대점,40600,2023,9,22,지에스 더 프레시,기타도소매
2023-09-22,양국민,KB국민 우리동네 체크카드,GS25봉천근화점,6100,2023,9,22,GS25,편의점
2023-09-23,양국민,KB국민 우리동네 체크카드,웨더 낙성대점,2900,2023,9,23,웨더,편의점
2023-09-23,양국민,KB국민 우리동네 체크카드,BHC 낙성대점_BHC(3)_KICC,3000,2023,9,23,BHC,치킨
2023-09-24,양국민,KB국민 우리동네 체크카드,GS25봉천근화점,6100,2023,9,24,GS25,편의점
2023-09-26,양국민,KB국민 우리동네 체크카드,지에스 더 프레시 낙성대점,4470,2023,9,26,지에스 더 프레시,기타도소매
2023-09-27,양국민,KB국민 우리동네 체크카드,웨더 낙성대점,1700,2023,9,27,웨더,편의점
2023-09-27,양국민,KB국민 우리동네 체크카드,씨유관악푸른점,5500,2023,9,27,씨유,편의점
2023-09-27,양국민,KB국민 우리동네 체크카드,대학내일_통신판매(ARS)_나이스,4450,2023,9,27,나이스,전자상거래
2023-09-27,양국민,KB국민 우리동네 체크카드,GS25봉천근화점,10000,2023,9,27,GS25,편의점
2023-09-28,양국민,KB국민 우리동네 체크카드,웨더 낙성대점,3400,2023,9,28,웨더,편의점
2023-09-29,양국민,KB국민 우리동네 체크카드,GS25봉천근화점,9550,2023,9,29,GS25,편의점
2023-09-30,양국민,KB국민 우리동네 체크카드,카카오페이(택시),6600,2023,9,30,카카오페이,결제대행
2023-09-30,양국민,KB국민 우리동네 체크카드,GS25봉천근화점,3700,2023,9,30,GS25,편의점
2023-09-02,정리브,KB국민 우리동네 체크카드,올리브영낙성대인헌점,20500,2023,9,2,올리브영,종합소매점
2023-09-04,정리브,KB국민 우리동네 체크카드,웨더 낙성대점,4550,2023,9,4,웨더,편의점
2023-09-05,정리브,KB국민 우리동네 체크카드,GS25봉천근화점,2000,2023,9,5,GS25,편의점
2023-09-07,정리브,KB국민 우리동네 체크카드,웨더 낙성대점,2900,2023,9,7,웨더,편의점
2023-09-08,정리브,KB국민 우리동네 체크카드,GS25봉천근화점,2600,2023,9,8,GS25,편의점
2023-09-09,정리브,KB국민 우리동네 체크카드,씨유낙성대역점,2800,2023,9,9,씨유,편의점
2023-09-10,정리브,KB국민 우리동네 체크카드,주식회사 두잇_엔에이치엔케이씨피 주식회,11400,2023,9,10,엔에이치엔,전자상거래
2023-09-17,정리브,KB국민 우리동네 체크카드,(주)우아한형제들_엔에이치엔케이씨피 주식,11100,2023,9,17,엔에이치엔,전자상거래
2023-09-17,정리브,KB국민 우리동네 체크카드,GS25봉천근화점,13300,2023,9,17,GS25,편의점
2023-09-18,정리브,KB국민 우리동네 체크카드,주식회사 두잇_엔에이치엔케이씨피 주식회,8000,2023,9,18,엔에이치엔,전자상거래
2023-09-19,조리브,KB국민 우리동네 체크카드,웨더 낙성대점,4900,2023,9,19,웨더,편의점
2023-09-20,조리브,KB국민 우리동네 체크카드,이브자리_대표일반_나이스,37000,2023,9,20,나이스,전자상거래
2023-09-20,조리브,KB국민 우리동네 체크카드,(주)아트박스 서울대입구점,16100,2023,9,20,아트박스,기타도소매
2023-09-21,조리브,KB국민 우리동네 체크카드,대한민국 명장이만든 명장국밥,9000,2023,9,21,대한민국 명장이 만든 명장국밥,한식
2023-09-25,조리브,KB국민 우리동네 체크카드,GS25봉천근화점,1800,2023,9,25,GS25,편의점
2023-09-25,조리브,KB국민 우리동네 체크카드,GS25봉천근화점,6500,2023,9,25,GS25,편의점
2023-09-25,조리브,KB국민 우리동네 체크카드,웨더 낙성대점,1700,2023,9,25,웨더,편의점
2023-09-26,조리브,KB국민 우리동네 체크카드,GS25봉천근화점,28600,2023,9,26,GS25,편의점
2023-09-27,조리브,KB국민 우리동네 체크카드,대학내일_통신판매(ARS)_나이스,4450,2023,9,27,나이스,전자상거래
2023-09-27,조리브,KB국민 우리동네 체크카드,GS25봉천근화점,4500,2023,9,27,GS25,편의점
2023-09-27,조리브,KB국민 우리동네 체크카드,GS25봉천근화점,4500,2023,9,27,GS25,편의점
2023-09-28,조리브,KB국민 우리동네 체크카드,씨유(CU) 인헌센트럴점,4000,2023,9,28,CU,편의점
2023-09-30,조리브,KB국민 우리동네 체크카드,버거킹 낙성대2점,8000,2023,9,30,버거킹,패스트푸드
2023-09-30,조리브,KB국민 우리동네 체크카드,선물하기_카카오페이_선물하기_카카오페이,13000,2023,9,30,카카오페이,결제대행
2023-09-30,조리브,KB국민 우리동네 체크카드,(주)다이소아성산업,8000,2023,9,30,다이소,기타도소매
2023-09-01,양국민,KB국민 우리동네 체크카드,GS25봉천근화점,1500,2023,9,1,GS25,편의점
2023-09-01,양국민,KB국민 우리동네 체크카드,씨제이올리브영(주)낙성대점,18720,2023,9,1,올리브영,종합소매점
2023-09-01,양국민,KB국민 우리동네 체크카드,㈜알라딘커뮤니케이션_엔에이치엔케이씨피,10000,2023,9,1,엔에이치엔,전자상거래
2023-09-02,양국민,KB국민 우리동네 체크카드,웨더 낙성대점,3250,2023,9,2,웨더,편의점
2023-09-04,양국민,KB국민 우리동네 체크카드,GS25봉천근화점,2000,2023,9,4,GS25,편의점
2023-09-05,양국민,KB국민 우리동네 체크카드,주식회사 그리티_엔에이치엔케이씨피 주식,58480,2023,9,5,엔에이치엔,전자상거래
2023-09-05,양국민,KB국민 우리동네 체크카드,GS25봉천근화점,9000,2023,9,5,GS25,편의점
2023-09-06,양국민,KB국민 우리동네 체크카드,화이트펜슬 스터디카페 구로디지털단지역점,20000,2023,9,6,화이트펜슬,기타 서비스
2023-09-06,양국민,KB국민 우리동네 체크카드,주식회사 두잇_엔에이치엔케이씨피 주식회,9400,2023,9,6,엔에이치엔,전자상거래
2023-09-09,양국민,KB국민 우리동네 체크카드,GS25봉천근화점,12500,2023,9,9,GS25,편의점
2023-09-11,양국민,KB국민 우리동네 체크카드,(주)아레나코리아_(주)이니시스(쇼핑몰일반,31000,2023,9,11,이니시스,전자상거래
2023-09-11,양국민,KB국민 우리동네 체크카드,주식회사 인터파크_인터파크-이니시스,16920,2023,9,11,이니시스,전자상거래
2023-09-13,양국민,KB국민 우리동네 체크카드,GS25봉천탑골점,3500,2023,9,13,GS25,편의점
2023-09-14,양국민,KB국민 우리동네 체크카드,GS25봉천근화점,4100,2023,9,14,GS25,편의점
2023-09-15,양국민,KB국민 우리동네 체크카드,웨더 낙성대점,4200,2023,9,15,웨더,편의점
2023-09-18,양국민,KB국민 우리동네 체크카드,주식회사 두잇_엔에이치엔케이씨피 주식회,15500,2023,9,18,엔에이치엔,전자상거래
2023-09-18,양국민,KB국민 우리동네 체크카드,선물하기_카카오페이_선물하기_카카오페이,11500,2023,9,18,카카오페이,결제대행
2023-09-18,양국민,KB국민 우리동네 체크카드,선물하기_카카오페이_선물하기_카카오페이,10200,2023,9,18,카카오페이,결제대행
2023-09-18,양국민,KB국민 우리동네 체크카드,GS25봉천근화점,9900,2023,9,18,GS25,편의점
2023-09-30,경국민,KB국민 나라사랑체크카드(일반형 비RF),한전,50127,2023,9,30,한전,공과금
2023-09-30,하리브,KB국민 나라사랑체크카드(일반형 비RF),한전,60039,2023,9,30,한전,공과금
2023-09-30,정국민,KB국민 탄탄대로 Miz&Mr 티타늄카드,한전,61051,2023,9,30,한전,공과금
2023-09-30,양국민,KB국민 가온올림카드(실속형),한전,126555,2023,9,30,한전,공과금
2023-09-30,정리브,KB국민 가온올림카드(실속형),한전,40365,2023,9,30,한전,공과금
2023-09-30,양국민,KB국민 우리동네 체크카드,한전,46772,2023,9,30,한전,공과금
2023-09-30,조리브,KB국민 우리동네 체크카드,한전,37155,2023,9,30,한전,공과금
2023-09-30,경국민,KB국민 나라사랑체크카드(일반형 비RF),상하수도요금,18963,2023,9,30,상하수도,공과금
2023-09-30,하리브,KB국민 나라사랑체크카드(일반형 비RF),상하수도요금,12221,2023,9,30,상하수도,공과금
2023-09-30,정국민,KB국민 탄탄대로 Miz&Mr 티타늄카드,상하수도요금,14233,2023,9,30,상하수도,공과금
2023-09-30,양국민,KB국민 가온올림카드(실속형),상하수도요금,25942,2023,9,30,상하수도,공과금
2023-09-30,정리브,KB국민 가온올림카드(실속형),상하수도요금,18396,2023,9,30,상하수도,공과금
2023-09-30,양국민,KB국민 우리동네 체크카드,상하수도요금,14370,2023,9,30,상하수도,공과금
2023-09-30,조리브,KB국민 우리동네 체크카드,상하수도요금,7020,2023,9,30,상하수도,공과금
2023-09-30,경국민,KB국민 나라사랑체크카드(일반형 비RF),도시가스,26662,2023,9,30,도시가스,공과금
2023-09-30,하리브,KB국민 나라사랑체크카드(일반형 비RF),도시가스,25558,2023,9,30,도시가스,공과금
2023-09-30,정국민,KB국민 탄탄대로 Miz&Mr 티타늄카드,도시가스,23937,2023,9,30,도시가스,공과금
2023-09-30,양국민,KB국민 가온올림카드(실속형),도시가스,29895,2023,9,30,도시가스,공과금
2023-09-30,정리브,KB국민 가온올림카드(실속형),도시가스,44034,2023,9,30,도시가스,공과금
2023-09-30,양국민,KB국민 우리동네 체크카드,도시가스,27921,2023,9,30,도시가스,공과금
2023-09-30,조리브,KB국민 우리동네 체크카드,도시가스,21711,2023,9,30,도시가스,공과금
2023-09-30,임국민,KB국민 탄탄대로 Miz&Mr 티타늄카드,지에스25 송도커낼워크점,3500,2023,9,30,지에스25,편의점
2023-09-29,임국민,KB국민 탄탄대로 Miz&Mr 티타늄카드,GS25 옥련백산점,4650,2023,9,29,GS25,편의점
2023-09-28,임국민,KB국민 나라사랑체크카드(일반형 비RF),롯데리아 인천 옥련점,4500,2023,9,28,롯데리아,패스트프드
2023-09-26,임국민,KB국민 나라사랑체크카드(일반형 비RF),KCP.CO.KR(일반용),30680,2023,9,26,KCP.CO.KR(일반용),전자상거래
2023-09-25,임국민,KB국민 나라사랑체크카드(일반형 비RF),오마이헤어 (O my hair),15000,2023,9,25,오마이헤어,미용
2023-09-23,임국민,KB국민 나라사랑체크카드(일반형 비RF),GS25 서초한신점,2200,2023,9,23,GS25,편의점
2023-09-22,임국민,KB국민 탄탄대로 Miz&Mr 티타늄카드,에이스아메리칸 화재해상보험주식회사,34740,2023,9,22,에이스아메리칸화재해상보험,금융/보험
2023-09-22,임국민,KB국민 탄탄대로 Miz&Mr 티타늄카드,에이스아메리칸 화재해상보험주식회사,30760,2023,9,22,에이스아메리칸화재해상보험,금융/보험
2023-09-20,임국민,KB국민 나라사랑체크카드(일반형 비RF),GS25 서초한신점,2200,2023,9,20,GS25,편의점
2023-09-18,임국민,KB국민 나라사랑체크카드(일반형 비RF),씨유서초대로점,1500,2023,9,18,씨유,편의점
2023-09-18,임국민,KB국민 나라사랑체크카드(일반형 비RF),씨유서초대로점,2800,2023,9,18,씨유,편의점
2023-09-18,임국민,KB국민 탄탄대로 Miz&Mr 티타늄카드,NICE결제대행,5830,2023,9,18,NICE결제대행,결제대행
2023-09-16,임국민,KB국민 나라사랑체크카드(일반형 비RF),그래놀라와오슬로우,4500,2023,9,16,라와,중식
2023-09-15,임국민,KB국민 탄탄대로 Miz&Mr 티타늄카드,스타벅스코리아,4500,2023,9,15,스타벅스,커피/음료
2023-09-15,임국민,KB국민 탄탄대로 Miz&Mr 티타늄카드,브이피(주),6900,2023,9,15,브이피,금융/보험
2023-09-14,임국민,KB국민 나라사랑체크카드(일반형 비RF),그래놀라와오슬로우,2200,2023,9,14,라와,중식
2023-09-14,임국민,KB국민 나라사랑체크카드(일반형 비RF),네이버페이,5643,2023,9,14,네이버페이,결제대행
2023-09-12,임국민,KB국민 나라사랑체크카드(일반형 비RF),고품격커피공장,6500,2023,9,12,고품격 커피공장,커피/음료
2023-09-12,임국민,KB국민 나라사랑체크카드(일반형 비RF),함평한우고깃집,13000,2023,9,12,함평한우고깃집,한식
2023-09-12,임국민,KB국민 탄탄대로 Miz&Mr 티타늄카드,SK매직_KICC,23900,2023,9,12,SK매직,기타 서비스
2023-09-11,임국민,KB국민 탄탄대로 Miz&Mr 티타늄카드,지하철 15 건,18300,2023,9,11,지하철,대중교통
2023-09-11,임국민,KB국민 탄탄대로 Miz&Mr 티타늄카드,버스 46 건,124800,2023,9,11,버스,대중교통
2023-09-10,임국민,KB국민 탄탄대로 Miz&Mr 티타늄카드,씨유 신림행운점,2200,2023,9,10,씨유,편의점
2023-09-09,임국민,KB국민 탄탄대로 Miz&Mr 티타늄카드,토다(TODAH) 서초,4000,2023,9,9,토다(TODAH) 서초,커피/음료
2023-09-08,임국민,KB국민 탄탄대로 Miz&Mr 티타늄카드,문가네 정육식당,121000,2023,9,8,문가네정육식당,기타 외식
2023-09-08,임국민,KB국민 탄탄대로 Miz&Mr 티타늄카드,APPLE,1100,2023,9,8,APPLE,통신업
2023-09-07,임국민,KB국민 나라사랑체크카드(일반형 비RF),커피829 남부터미널점,3400,2023,9,7,남부,기타 외식
2023-09-07,임국민,KB국민 탄탄대로 Miz&Mr 티타늄카드,에이스아메리칸 화재해상보험주식회사,16690,2023,9,7,에이스아메리칸화재해상보험,금융/보험
2023-09-05,임국민,KB국민 나라사랑체크카드(일반형 비RF),고품격커피공장,3000,2023,9,5,고품격 커피공장,커피/음료
2023-09-05,임국민,KB국민 나라사랑체크카드(일반형 비RF),명동칼국수,31500,2023,9,5,명동칼국수,한식
2023-09-04,임국민,KB국민 나라사랑체크카드(일반형 비RF),유가네닭갈비,31500,2023,9,4,유가네,한식
2023-09-03,임국민,KB국민 나라사랑체크카드(일반형 비RF),GS25 올림픽공원1호점,2000,2023,9,3,GS25,편의점
2023-09-03,임국민,KB국민 나라사랑체크카드(일반형 비RF),지에스25에스9 종합운동장역점,3000,2023,9,3,지에스25,편의점
2023-09-03,임국민,KB국민 나라사랑체크카드(일반형 비RF),NETFLIX_INICIS,17000,2023,9,3,NETFLIX,문화
2023-09-02,임국민,KB국민 나라사랑체크카드(일반형 비RF),GS25 서초한신점,2200,2023,9,2,GS25,편의점
2023-09-30,최리브,KB국민 나라사랑체크카드(일반형 비RF),GS25 옥련백산점,3550,2023,9,30,GS25,편의점
2023-09-30,최리브,KB국민 탄탄대로 Miz&Mr 티타늄카드,매머드익스프레스 남부터미널점,1400,2023,9,30,이디야커피,커피/음료
2023-09-29,최리브,KB국민 나라사랑체크카드(일반형 비RF),노브랜드버거 인천스퀘어원,11100,2023,9,29,노브랜드,기타도소매
2023-09-28,최리브,KB국민 탄탄대로 Miz&Mr 티타늄카드,고품격커피공장,7500,2023,9,28,고품격 커피공장,커피/음료
2023-09-27,최리브,KB국민 나라사랑체크카드(일반형 비RF),GS25 옥련백산점,3700,2023,9,27,GS25,편의점
2023-09-27,최리브,KB국민 나라사랑체크카드(일반형 비RF),피자스쿨옥련점,15400,2023,9,27,피자스쿨,피자
2023-09-25,최리브,KB국민 탄탄대로 Miz&Mr 티타늄카드,GS25 옥련백산점,3200,2023,9,25,GS25,편의점
2023-09-25,최리브,KB국민 나라사랑체크카드(일반형 비RF),GS25 서초한신점,2200,2023,9,25,GS25,편의점
2023-09-23,최리브,KB국민 탄탄대로 Miz&Mr 티타늄카드,GS25 옥련백산점,2000,2023,9,23,GS25,편의점
2023-09-23,최리브,KB국민 탄탄대로 Miz&Mr 티타늄카드,이디야 인천서해그랑블점,6400,2023,9,23,이디야,커피/음료
2023-09-22,최리브,KB국민 탄탄대로 Miz&Mr 티타늄카드,에이스아메리칸 화재해상보험주식회사,34740,2023,9,22,에이스아메리칸화재해상보험,금융/보험
2023-09-22,최리브,KB국민 탄탄대로 Miz&Mr 티타늄카드,에이스아메리칸 화재해상보험주식회사,30760,2023,9,22,에이스아메리칸화재해상보험,금융/보험
2023-09-22,최리브,KB국민 나라사랑체크카드(일반형 비RF),그래놀라와오슬로우,2900,2023,9,22,라와,중식
2023-09-22,최리브,KB국민 나라사랑체크카드(일반형 비RF),GS25 서초한신점,2200,2023,9,22,GS25,편의점
2023-09-20,최리브,KB국민 나라사랑체크카드(일반형 비RF),이디야커피충무아트점,3200,2023,9,20,이디야커피,커피/음료
2023-09-18,최리브,KB국민 탄탄대로 Miz&Mr 티타늄카드,NICE결제대행,5830,2023,9,18,NICE결제대행,결제대행
2023-09-18,최리브,KB국민 탄탄대로 Miz&Mr 티타늄카드,멜론티켓(문화비),137000,2023,9,18,멜론티켓,문화
2023-09-17,최리브,KB국민 탄탄대로 Miz&Mr 티타늄카드,인터파크티켓-문화비,136000,2023,9,17,인터파크티켓,문화
2023-09-16,최리브,KB국민 나라사랑체크카드(일반형 비RF),토다(TODAH) 서초,3500,2023,9,16,토다(TODAH) 서초,커피/음료
2023-09-16,최리브,KB국민 나라사랑체크카드(일반형 비RF),GS25 서초한신점,2200,2023,9,16,GS25,편의점
2023-09-15,최리브,KB국민 탄탄대로 Miz&Mr 티타늄카드,브이피(주),6900,2023,9,15,브이피,금융/보험
2023-09-14,최리브,KB국민 나라사랑체크카드(일반형 비RF),GS25 서초한신점,3740,2023,9,14,GS25,편의점
2023-09-14,최리브,KB국민 탄탄대로 Miz&Mr 티타늄카드,SK매직_KICC,23900,2023,9,14,SK매직,기타 서비스
2023-09-14,최리브,KB국민 나라사랑체크카드(일반형 비RF),네이버페이,2339,2023,9,14,네이버페이,결제대행
2023-09-11,최리브,KB국민 나라사랑체크카드(일반형 비RF),고품격커피공장,5500,2023,9,11,고품격 커피공장,커피/음료
2023-09-11,최리브,KB국민 탄탄대로 Miz&Mr 티타늄카드,버스 31 건,97600,2023,9,11,버스,대중교통
2023-09-11,최리브,KB국민 탄탄대로 Miz&Mr 티타늄카드,지하철 2 건,2250,2023,9,11,지하철,대중교통
2023-09-10,최리브,KB국민 탄탄대로 Miz&Mr 티타늄카드,토다(TODAH) 서초,3500,2023,9,10,토다(TODAH) 서초,커피/음료
2023-09-08,최리브,KB국민 탄탄대로 Miz&Mr 티타늄카드,APPLE,1100,2023,9,8,APPLE,통신업
2023-09-08,최리브,KB국민 탄탄대로 Miz&Mr 티타늄카드,그래놀라와오슬로우,2200,2023,9,8,라와,중식
2023-09-07,최리브,KB국민 탄탄대로 Miz&Mr 티타늄카드,에이스아메리칸 화재해상보험주식회사,16690,2023,9,7,에이스아메리칸화재해상보험,금융/보험
2023-09-07,최리브,KB국민 탄탄대로 Miz&Mr 티타늄카드,인터파크티켓ONEPAY_문화비,125000,2023,9,7,인터파크티켓,문화
2023-09-06,최리브,KB국민 나라사랑체크카드(일반형 비RF),오마이헤어 (O my hair),15000,2023,9,6,오마이헤어,미용
2023-09-03,최리브,KB국민 탄탄대로 Miz&Mr 티타늄카드,인터파크티켓,1000,2023,9,3,인터파크티켓,문화
2023-09-03,최리브,KB국민 탄탄대로 Miz&Mr 티타늄카드,인터파크티켓,1000,2023,9,3,인터파크티켓,문화
2023-09-03,최리브,KB국민 탄탄대로 Miz&Mr 티타늄카드,인터파크티켓,1000,2023,9,3,인터파크티켓,문화
2023-09-03,최리브,KB국민 나라사랑체크카드(일반형 비RF),NETFLIX_INICIS,17000,2023,9,3,NETFLIX,문화
2023-09-01,최리브,KB국민 나라사랑체크카드(일반형 비RF),우마이돈,11000,2023,9,1,우마이돈,기타 외식
2023-09-01,최리브,KB국민 나라사랑체크카드(일반형 비RF),고품격커피공장,6000,2023,9,1,고품격 커피공장,커피/음료
2023-09-01,최리브,KB국민 탄탄대로 Miz&Mr 티타늄카드,인터파크티켓-문화비,125000,2023,9,1,인터파크티켓,문화
2023-09-30,오국민,KB국민 나라사랑체크카드(일반형 비RF),고품격커피공장,4500,2023,9,30,고품격 커피공장,커피/음료
2023-09-30,오국민,KB국민 나라사랑체크카드(일반형 비RF),함평한우고깃집,13000,2023,9,30,함평한우고깃집,한식
2023-09-30,오국민,KB국민 탄탄대로 Miz&Mr 티타늄카드,(주)원더플레이스스퀘어원(인천점),60000,2023,9,30,플레이,기타 서비스
2023-09-27,오국민,KB국민 나라사랑체크카드(일반형 비RF),11번가-SK PAY,14684,2023,9,27,SKPAY,결제대행
2023-09-27,오국민,KB국민 탄탄대로 Miz&Mr 티타늄카드,에이스아메리칸 화재해상보험주식회사,34740,2023,9,27,에이스아메리칸화재해상보험,금융/보험
2023-09-27,오국민,KB국민 탄탄대로 Miz&Mr 티타늄카드,에이스아메리칸 화재해상보험주식회사,30760,2023,9,27,에이스아메리칸화재해상보험,금융/보험
2023-09-17,오국민,KB국민 나라사랑체크카드(일반형 비RF),함평한우고깃집,13000,2023,9,17,함평한우고깃집,한식
2023-09-17,오국민,KB국민 탄탄대로 Miz&Mr 티타늄카드,브이피(주),6900,2023,9,17,브이피,금융/보험
2023-09-17,오국민,KB국민 탄탄대로 Miz&Mr 티타늄카드,NICE결제대행,5830,2023,9,17,NICE결제대행,결제대행
2023-09-14,오국민,KB국민 나라사랑체크카드(일반형 비RF),네이버페이,2913,2023,9,14,네이버페이,결제대행
2023-09-14,오국민,KB국민 나라사랑체크카드(일반형 비RF),투썸플레이스 예술의전당점,20000,2023,9,14,투썸플레이스,커피/음료
2023-09-13,오국민,KB국민 나라사랑체크카드(일반형 비RF),주식회사 루엘드파리,7050,2023,9,13,루엘드파리,제과제빵
2023-09-12,오국민,KB국민 탄탄대로 Miz&Mr 티타늄카드,GS25 옥련백산점,3200,2023,9,12,GS25,편의점
2023-09-12,오국민,KB국민 탄탄대로 Miz&Mr 티타늄카드,티머니 개인택시_0,8900,2023,9,12,티머니,대중교통
2023-09-11,오국민,KB국민 탄탄대로 Miz&Mr 티타늄카드,SK매직_KICC,23900,2023,9,11,SK매직,기타 서비스
2023-09-11,오국민,KB국민 탄탄대로 Miz&Mr 티타늄카드,버스 34 건,105050,2023,9,11,버스,대중교통
2023-09-11,오국민,KB국민 탄탄대로 Miz&Mr 티타늄카드,지하철 9 건,12500,2023,9,11,지하철,대중교통
2023-09-10,오국민,KB국민 탄탄대로 Miz&Mr 티타늄카드,GS25 옥련백산점,3400,2023,9,10,GS25,편의점
2023-09-09,오국민,KB국민 탄탄대로 Miz&Mr 티타늄카드,GS25 옥련백산점,1300,2023,9,9,GS25,편의점
2023-09-07,오국민,KB국민 나라사랑체크카드(일반형 비RF),지에스25 S양재역1호점,1440,2023,9,7,지에스25,편의점
2023-09-07,오국민,KB국민 탄탄대로 Miz&Mr 티타늄카드,에이스아메리칸 화재해상보험주식회사,16690,2023,9,7,에이스아메리칸화재해상보험,금융/보험
2023-09-06,오국민,KB국민 나라사랑체크카드(일반형 비RF),매머드익스프레스 남부터미널점,3000,2023,9,6,이디야커피,커피/음료
2023-09-05,오국민,KB국민 나라사랑체크카드(일반형 비RF),쿠팡(쿠페이),21060,2023,9,5,쿠팡,전자상거래
2023-09-03,오국민,KB국민 나라사랑체크카드(일반형 비RF),NETFLIX_INICIS,17000,2023,9,3,NETFLIX,문화
2023-09-02,오국민,KB국민 나라사랑체크카드(일반형 비RF),GS25 옥련백산점,1530,2023,9,2,GS25,편의점
2023-09-02,오국민,KB국민 탄탄대로 Miz&Mr 티타늄카드,투썸플레이스부평역점,4500,2023,9,2,투썸플레이스,커피/음료
2023-09-01,오국민,KB국민 탄탄대로 Miz&Mr 티타늄카드,GS25 옥련백산점,2000,2023,9,1,GS25,편의점
2023-09-30,장리브,KB국민 나라사랑체크카드(일반형 비RF),함평한우고깃집,13000,2023,9,30,함평한우고깃집,한식
2023-09-30,장리브,KB국민 탄탄대로 Miz&Mr 티타늄카드,11번가-SK PAY,1326800,2023,9,30,SKPAY,결제대행
2023-09-30,장리브,KB국민 탄탄대로 Miz&Mr 티타늄카드,쿠팡(쿠페이),1426000,2023,9,30,쿠팡,전자상거래
2023-09-28,장리브,KB국민 나라사랑체크카드(일반형 비RF),매머드익스프레스 남부터미널점,3700,2023,9,28,이디야커피,커피/음료
2023-09-27,장리브,KB국민 나라사랑체크카드(일반형 비RF),우마이돈,11000,2023,9,27,우마이돈,기타 외식
2023-09-23,장리브,KB국민 나라사랑체크카드(일반형 비RF),GS25 옥련백산점,1800,2023,9,23,GS25,편의점
2023-09-22,장리브,KB국민 탄탄대로 Miz&Mr 티타늄카드,에이스아메리칸 화재해상보험주식회사,30760,2023,9,22,에이스아메리칸화재해상보험,금융/보험
2023-09-22,장리브,KB국민 탄탄대로 Miz&Mr 티타늄카드,에이스아메리칸 화재해상보험주식회사,34740,2023,9,22,에이스아메리칸화재해상보험,금융/보험
2023-09-18,장리브,KB국민 나라사랑체크카드(일반형 비RF),GS25 옥련백산점,12300,2023,9,18,GS25,편의점
2023-09-17,장리브,KB국민 탄탄대로 Miz&Mr 티타늄카드,NICE결제대행,5830,2023,9,17,NICE결제대행,결제대행
2023-09-14,장리브,KB국민 탄탄대로 Miz&Mr 티타늄카드,그래놀라와오슬로우,2900,2023,9,14,라와,중식
2023-09-14,장리브,KB국민 나라사랑체크카드(일반형 비RF),네이버페이,1266,2023,9,14,네이버페이,결제대행
2023-09-13,장리브,KB국민 탄탄대로 Miz&Mr 티타늄카드,SK매직_KICC,23900,2023,9,13,SK매직,기타 서비스
2023-09-11,장리브,KB국민 탄탄대로 Miz&Mr 티타늄카드,버스 20 건,62450,2023,9,11,버스,대중교통
2023-09-11,장리브,KB국민 탄탄대로 Miz&Mr 티타늄카드,지하철 4 건,8000,2023,9,11,지하철,대중교통
2023-09-11,장리브,KB국민 탄탄대로 Miz&Mr 티타늄카드,터널/도로 3 건,11600,2023,9,11,터널/도로,교통
2023-09-11,장리브,KB국민 탄탄대로 Miz&Mr 티타늄카드,터널/도로 2 건,2400,2023,9,11,터널/도로,교통
2023-09-10,장리브,KB국민 탄탄대로 Miz&Mr 티타늄카드,배스킨라빈스백운역점,31000,2023,9,10,배스킨라빈스,아이스크림/빙수 
2023-09-09,장리브,KB국민 나라사랑체크카드(일반형 비RF),지에스25 신림우남점,3700,2023,9,9,지에스25,편의점
2023-09-07,장리브,KB국민 탄탄대로 Miz&Mr 티타늄카드,에이스아메리칸 화재해상보험주식회사,16690,2023,9,7,에이스아메리칸화재해상보험,금융/보험
2023-09-03,장리브,KB국민 나라사랑체크카드(일반형 비RF),NETFLIX_INICIS,17000,2023,9,3,NETFLIX,문화
2023-09-03,장리브,KB국민 나라사랑체크카드(일반형 비RF),GS25 옥련백산점,1800,2023,9,3,GS25,편의점
2023-09-02,장리브,KB국민 탄탄대로 Miz&Mr 티타늄카드,매머드익스프레스 남부터미널점,3700,2023,9,2,이디야커피,커피/음료
2023-09-18,지국민,KB국민 노리 체크카드,쿠팡(쿠페이)_쿠팡(쿠페이)_나이스,358590,2023,9,18,나이스,전자상거래
2023-09-03,지국민,KB국민 노리 체크카드,엔에이치엔페이코 주식회사_엔에이치엔케이,4000,2023,9,3,페이코,결제대행
2023-09-04,지국민,KB국민 노리 체크카드,쿠팡(쿠페이)_쿠팡(쿠페이)_KICC,12800,2023,9,4,쿠팡,전자상거래
2023-09-05,지국민,KB국민 노리 체크카드,네이버페이,41000,2023,9,5,네이버페이,결제대행
2023-09-08,지국민,KB국민 노리 체크카드,쿠팡페이(쿠팡이츠)_쿠팡이츠_KICC,19780,2023,9,8,쿠팡,전자상거래
2023-09-09,지국민,KB국민 노리 체크카드,쿠팡 주식회사_엔에이치엔케이씨피 주식회,22480,2023,9,9,엔에이치엔,전자상거래
2023-09-09,지국민,KB국민 노리 체크카드,쿠팡이츠_엔에이치엔케이씨피 주식회사,16450,2023,9,9,엔에이치엔,전자상거래
2023-09-10,지국민,KB국민 노리 체크카드,GS25역삼제스트점,3600,2023,9,10,GS25,편의점
2023-09-11,지국민,KB국민 노리 체크카드,메가박스중앙 ㈜_메가박스_네이버페이,26000,2023,9,11,메가박스,문화
2023-09-12,지국민,KB국민 노리 체크카드,무신사 스토어_대표_네이버페이,20000,2023,9,12,무신사,의류/패션
2023-09-14,지국민,KB국민 노리 체크카드,쿠팡(쿠페이)_쿠팡(쿠페이)_나이스,29000,2023,9,14,나이스,전자상거래
2023-09-14,지국민,KB국민 노리 체크카드,씨유(CU) 고덕벨리온점,2200,2023,9,14,CU,편의점
2023-09-15,지국민,KB국민 노리 체크카드,쿠팡이츠_엔에이치엔케이씨피 주식회사,18110,2023,9,15,엔에이치엔,전자상거래
2023-09-16,지국민,KB국민 노리 체크카드,왕가탕후루,7000,2023,9,16,왕가탕후루,기타 외식
2023-09-17,지국민,KB국민 노리 체크카드,티머니법인택시,33000,2023,9,17,티머니,대중교통
2023-09-17,지국민,KB국민 노리 체크카드,씨유(CU) 고덕벨리온점,2300,2023,9,17,CU,편의점
2023-09-18,지국민,KB국민 노리 체크카드,위허들링_카카오페이_나이스,59700,2023,9,18,나이스,전자상거래
2023-09-20,지국민,KB국민 노리 체크카드,엔에이치엔페이코 주식회사_엔에이치엔케이,4000,2023,9,20,페이코,결제대행
2023-09-20,지국민,KB국민 노리 체크카드,매머드익스프레스 고덕역점,3900,2023,9,20,이디야커피,커피/음료
2023-09-22,지국민,KB국민 노리 체크카드,쿠팡이츠_엔에이치엔케이씨피 주식회사,15850,2023,9,22,엔에이치엔,전자상거래
2023-09-25,지국민,KB국민 노리 체크카드,(주)스타벅스커피 코리아_스타벅스(사이렌오더),6400,2023,9,25,스타벅스,커피/음료
2023-09-25,지국민,KB국민 노리 체크카드,우정사업본부(우체국),3740,2023,9,25,우체국,운송
2023-09-26,지국민,KB국민 노리 체크카드,"주식회사카카오스타일_지그
재그_이니시스",84000,2023,9,26,이니시스,전자상거래
2023-09-18,지국민,KB국민 노리 체크카드,쿠팡(쿠페이)_쿠팡(쿠페이)_나이스,358590,2023,9,18,나이스,전자상거래
2023-09-02,지국민,KB국민 노리 체크카드,"(주)와이비엠넷_이니시스-Y
BM시사",59000,2023,9,2,이니시스,전자상거래
2023-09-02,지국민,KB국민 노리 체크카드,"(주)와이비엠넷_이니시스-Y
BM시사",59000,2023,9,2,이니시스,전자상거래
2023-09-02,지국민,KB국민 노리 체크카드,"쿠팡(와우멤버십)_엔에이치
엔케이씨피주식",4990,2023,9,2,쿠팡,전자상거래
2023-09-02,지국민,KB국민 노리 체크카드,"(주)와이비엠넷_이니시스-Y
BM시사",59000,2023,9,2,이니시스,전자상거래
2023-09-02,지국민,KB국민 노리 체크카드,"(주)와이비엠넷_이니시스-Y
BM시사",59000,2023,9,2,이니시스,전자상거래
2023-09-09,지국민,KB국민 노리 체크카드,"엔에이치엔페이코주식회사_
엔에이치엔케이",4000,2023,9,9,페이코,결제대행
2023-09-12,지국민,KB국민 노리 체크카드,파레트코_대표일반_나이스,61710,2023,9,12,나이스,전자상거래
2023-09-13,지국민,KB국민 노리 체크카드,카카오페이(택시),20600,2023,9,13,카카오페이,결제대행
2023-09-17,지국민,KB국민 노리 체크카드,"엔에이치엔페이코주식회사_
엔에이치엔케이",4000,2023,9,17,페이코,결제대행
2023-09-19,지국민,KB국민 노리 체크카드,"선물하기_카카오페이_선물
하기_카카오페이",4500,2023,9,19,카카오페이,결제대행
2023-09-25,지국민,KB국민 노리 체크카드,"국사편찬위원회_카카오페이
_갤럭시아",22000,2023,9,25,카카오페이,결제대행
2023-09-27,지국민,KB국민 노리 체크카드,"쿠팡이츠_엔에이치엔케이씨
피주식회사",18800,2023,9,27,엔에이치엔,전자상거래
2023-09-15,이국민,KB국민 와이즈카드,APPLE_KCP_엔에이치엔케이씨피 주식회사,12500,2023,9,15,APPLE,통신업
2023-09-30,이국민,KB국민 와이즈카드,APPLE_KCP_엔에이치엔케이씨피 주식회사,3300,2023,9,30,APPLE,통신업
2023-09-22,이국민,KB국민 와이즈카드,교통-지하철003건,3750,2023,9,22,지하철,대중교통
2023-09-22,이국민,KB국민 와이즈카드,교통-버스001건,100,2023,9,22,버스,대중교통
2023-09-03,이국민,KB국민 와이즈카드,뚜레쥬르회기역점,5600,2023,9,3,뚜레쥬르,제과제빵
2023-09-04,이국민,KB국민 와이즈카드,GS25청량현대점,5000,2023,9,4,GS25,편의점
2023-09-04,이국민,KB국민 와이즈카드,세븐일레븐선릉스타점,1100,2023,9,4,세븐일레븐,편의점
2023-09-05,이국민,KB국민 와이즈카드,쿠팡(쿠페이)_쿠팡(쿠페이)_나이스,14900,2023,9,5,나이스,전자상거래
2023-09-06,이국민,KB국민 와이즈카드,GS25역삼제스트점,900,2023,9,6,GS25,편의점
2023-09-06,이국민,KB국민 와이즈카드,뚜레쥬르회기역점,6100,2023,9,6,뚜레쥬르,제과제빵
2023-09-08,이국민,KB국민 와이즈카드,씨유 양재강남점,3000,2023,9,8,씨유,편의점
2023-09-11,이국민,KB국민 와이즈카드,뚜레쥬르회기역점,5600,2023,9,11,뚜레쥬르,제과제빵
2023-09-11,이국민,KB국민 와이즈카드,GS25청량현대점,1700,2023,9,11,GS25,편의점
2023-09-12,이국민,KB국민 와이즈카드,카카오페이(택시),9100,2023,9,12,카카오페이,결제대행
2023-09-15,이국민,KB국민 와이즈카드,(주)우아한형제들_(주)우아한형제들_나이스,17900,2023,9,15,나이스,전자상거래
2023-09-15,이국민,KB국민 와이즈카드,설빙서울회기점,14000,2023,9,15,설빙,아이스크림/빙수 
2023-09-16,이국민,KB국민 와이즈카드,세븐일레븐 금천드림점,1200,2023,9,16,세븐일레븐,편의점
2023-09-16,이국민,KB국민 와이즈카드,세븐일레븐 금천드림점,3000,2023,9,16,세븐일레븐,편의점
2023-09-17,이국민,KB국민 와이즈카드,주식회사 무신사_무신사_TOSS,49491,2023,9,17,무신사,의류/패션
2023-09-20,이국민,KB국민 와이즈카드,GS25청량현대점,2000,2023,9,20,GS25,편의점
2023-09-21,이국민,KB국민 와이즈카드,LG헬로비전_LG헬로비전_이니시스,48900,2023,9,21,이니시스,전자상거래
2023-09-21,이국민,KB국민 와이즈카드,GS25역삼제스트점,2600,2023,9,21,GS25,편의점
2023-09-21,이국민,KB국민 와이즈카드,홈플러스익스프레스양재점,2630,2023,9,21,홈플러스,종합소매점
2023-09-23,이국민,KB국민 와이즈카드,GS25청량현대점,20400,2023,9,23,GS25,편의점
2023-09-24,이국민,KB국민 와이즈카드,뚜레쥬르회기역점,5900,2023,9,24,뚜레쥬르,제과제빵
2023-09-25,이국민,KB국민 와이즈카드,바나프레소선정릉점(주)바나플에,1800,2023,9,25,바나프레소,커피/음료
2023-09-26,이국민,KB국민 와이즈카드,GS25역삼제스트점,3680,2023,9,26,GS25,편의점
2023-09-30,이국민,KB국민 와이즈카드,투썸플레이스경남함안점,4500,2023,9,30,투썸플레이스,커피/음료
2023-09-01,이국민,KB국민 와이즈카드,GS25청량현대점,1400,2023,9,1,GS25,편의점
2023-09-01,이국민,KB국민 와이즈카드,다이소 회기역점,3000,2023,9,1,다이소,기타도소매
2023-09-02,이국민,KB국민 와이즈카드,주식회사 무신사_무신사_TOSS,23576,2023,9,2,무신사,의류/패션
2023-09-02,이국민,KB국민 와이즈카드,GS25청량현대점,4780,2023,9,2,GS25,편의점
2023-09-15,김국민,KB국민 와이즈카드,APPLE_KCP_엔에이치엔케이씨피 주식회사,12500,2023,9,15,APPLE,통신업
2023-09-30,김국민,KB국민 와이즈카드,APPLE_KCP_엔에이치엔케이씨피 주식회사,3300,2023,9,30,APPLE,통신업
2023-09-08,김국민,KB국민 와이즈카드,교통-경남버스001건,1450,2023,9,8,버스,대중교통
2023-09-08,김국민,KB국민 와이즈카드,교통-지하철001건,1350,2023,9,8,지하철,대중교통
2023-09-04,김국민,KB국민 와이즈카드,GS25역삼제스트점,4300,2023,9,4,GS25,편의점
2023-09-05,김국민,KB국민 와이즈카드,라맛쿵부,12170,2023,9,5,라맛쿵부,중식
2023-09-08,김국민,KB국민 와이즈카드,GS25청량현대점,2000,2023,9,8,GS25,편의점
2023-09-08,김국민,KB국민 와이즈카드,선물하기_카카오페이_선물하기_카카오페이,11400,2023,9,8,카카오페이,결제대행
2023-09-08,김국민,KB국민 와이즈카드,전국고속버스운송사업조합,34600,2023,9,8,버스,대중교통
2023-09-09,김국민,KB국민 와이즈카드,주식회사 무신사_무신사_TOSS,21700,2023,9,9,무신사,의류/패션
2023-09-10,김국민,KB국민 와이즈카드,뚜레쥬르회기역점,5900,2023,9,10,뚜레쥬르,제과제빵
2023-09-11,김국민,KB국민 와이즈카드,GS25역삼제스트점,4950,2023,9,11,GS25,편의점
2023-09-12,김국민,KB국민 와이즈카드,다이소 회기역점,2000,2023,9,12,다이소,기타도소매
2023-09-12,김국민,KB국민 와이즈카드,(주)우아한형제들_엔에이치엔케이씨피 주식,16900,2023,9,12,엔에이치엔,전자상거래
2023-09-12,김국민,KB국민 와이즈카드,GS25청량현대점,5100,2023,9,12,GS25,편의점
2023-09-12,김국민,KB국민 와이즈카드,(주)우아한형제들_(주)우아한형제들_나이스,27900,2023,9,12,나이스,전자상거래
2023-09-13,김국민,KB국민 와이즈카드,(주)우아한형제들_(주)우아한형제들_나이스,30000,2023,9,13,나이스,전자상거래
2023-09-13,김국민,KB국민 와이즈카드,지에스25 서초베스트점,10700,2023,9,13,지에스25,편의점
2023-09-14,김국민,KB국민 와이즈카드,(주)우아한형제들_엔에이치엔케이씨피 주식,10000,2023,9,14,엔에이치엔,전자상거래
2023-09-15,김국민,KB국민 와이즈카드,파리바게뜨 카페선릉,7150,2023,9,15,파리바게뜨,제과제빵
2023-09-16,김국민,KB국민 와이즈카드,이디야커피,3700,2023,9,16,이디야커피,커피/음료
2023-09-16,김국민,KB국민 와이즈카드,씨유역삼목화점,6600,2023,9,16,씨유,편의점
2023-09-17,김국민,KB국민 와이즈카드,신촌설렁탕,10000,2023,9,17,신촌설렁탕,한식
2023-09-18,김국민,KB국민 와이즈카드,GS25역삼제스트점,4600,2023,9,18,GS25,편의점
2023-09-19,김국민,KB국민 와이즈카드,(주)우아한형제들_(주)우아한형제들_나이스,24800,2023,9,19,나이스,전자상거래
2023-09-19,김국민,KB국민 와이즈카드,바나프레소회기역사거리점바나플에,3500,2023,9,19,바나프레소,커피/음료
2023-09-19,김국민,KB국민 와이즈카드,올리브영(주)회기중앙점,2100,2023,9,19,올리브영,종합소매점
2023-09-20,김국민,KB국민 와이즈카드,코레일유통(주)(회기역),5900,2023,9,20,코레일유통,종합소매점
2023-09-20,김국민,KB국민 와이즈카드,한화커넥트(롯데마트)서울역점(하,2790,2023,9,20,롯데마트,종합소매점
2023-09-22,김국민,KB국민 와이즈카드,LG헬로비전_LG헬로비전_이니시스,48900,2023,9,22,이니시스,전자상거래
2023-09-27,김국민,KB국민 와이즈카드,카카오페이(택시),18900,2023,9,27,카카오페이,결제대행
2023-09-27,김국민,KB국민 와이즈카드,GS25청량현대점,1980,2023,9,27,GS25,편의점
2023-09-27,김국민,KB국민 와이즈카드,씨유회기힐스테이트점,1000,2023,9,27,씨유,편의점
2023-09-28,김국민,KB국민 와이즈카드,(주)우아한형제들_엔에이치엔케이씨피 주식,33740,2023,9,28,엔에이치엔,전자상거래
2023-09-29,김국민,KB국민 와이즈카드,세븐일레븐양재점,2700,2023,9,29,세븐일레븐,편의점
2023-09-29,김국민,KB국민 와이즈카드,GS25청량현대점,1700,2023,9,29,GS25,편의점
2023-09-29,김국민,KB국민 와이즈카드,CJ올리브영 한남오거리점,8900,2023,9,29,올리브영,종합소매점
2023-09-30,김국민,KB국민 와이즈카드,뚜레쥬르회기역점,6300,2023,9,30,뚜레쥬르,제과제빵
2023-09-30,김국민,KB국민 와이즈카드,파리바게뜨 카페선릉,5800,2023,9,30,파리바게뜨,제과제빵
2023-09-01,이국민,KB국민 와이즈카드,(주)우아한형제들_우아한형제들_카카오페이,18400,2023,9,1,카카오페이,결제대행
2023-09-02,이국민,KB국민 와이즈카드,페리카나,33000,2023,9,2,페리카나,치킨
2023-09-30,신리브,KB국민 노리2 체크카드,서울도시가스(주) 12월 요금,20530,2023,9,30,도시가스,공과금
2023-09-13,황국민,KB국민 노리2 체크카드,LGU+통신**94-1330 자동이체,28490,2023,9,13,LGU,통신업
2023-09-28,신리브,KB국민 노리2 체크카드,에스케이 밥심,6500,2023,9,28,에스케이 밥심,한식
2023-09-01,황국민,KB국민 노리2 체크카드,(주)윈큐브마케팅,1,2023,9,1,윈큐브마케팅,전자상거래
2023-09-02,황국민,KB국민 노리2 체크카드,온실커피,5500,2023,9,2,온실커피,커피/음료
2023-09-04,황국민,KB국민 노리2 체크카드,주식회사 아성다이소,15000,2023,9,4,다이소,기타도소매
2023-09-05,황국민,KB국민 노리2 체크카드,위메프_상품권,459000,2023,9,5,위메프,전자상거래
2023-09-06,황국민,KB국민 노리2 체크카드,11번가-SK pay,152750,2023,9,6,SK pay,결제대행
2023-09-08,황국민,KB국민 노리2 체크카드,디저트39중랑신내SKV1점,13600,2023,9,8,디저트39,제과제빵
2023-09-09,황국민,KB국민 노리2 체크카드,홈플러스 서울상봉점 OFF일반,16660,2023,9,9,홈플러스,종합소매점
2023-09-09,황국민,KB국민 노리2 체크카드,씨제이올리브영(주)상봉듀오트리스점,39000,2023,9,9,올리브영,종합소매점
2023-09-10,황국민,KB국민 노리2 체크카드,장난감도서관 3호점,1200,2023,9,10,장난감도서관,교육
2023-09-13,황국민,KB국민 노리2 체크카드,에스케이 밥심,6500,2023,9,13,에스케이 밥심,한식
2023-09-14,황국민,KB국민 노리2 체크카드,주식회사 아성다이소,10500,2023,9,14,다이소,기타도소매
2023-09-14,황국민,KB국민 노리2 체크카드,에스케이 밥심,6500,2023,9,14,에스케이 밥심,한식
2023-09-20,황국민,KB국민 노리2 체크카드,세븐일레븐 신내SKv1점,2200,2023,9,20,세븐일레븐,편의점
2023-09-25,황국민,KB국민 노리2 체크카드,(주)티몬,106720,2023,9,25,티몬,전자상거래
2023-09-27,황국민,KB국민 노리2 체크카드,장난감도서관 3호점,400,2023,9,27,장난감도서관,교육
2023-09-27,황국민,KB국민 노리2 체크카드,에스케이 밥심,6500,2023,9,27,에스케이 밥심,한식
2023-09-27,황국민,KB국민 노리2 체크카드,쿠팡이츠,23900,2023,9,27,쿠팡,전자상거래
2023-09-27,황국민,KB국민 노리2 체크카드,(주)티몬,9500,2023,9,27,티몬,전자상거래
2023-09-28,우리브,KB국민 노리2 체크카드,서울도시가스(주) 03월 요금,76660,2023,9,28,도시가스,공과금
2023-09-13,라국민,KB국민 노리2 체크카드,LGU+통신**94-1330 자동이체,28490,2023,9,13,LGU,통신업
2023-09-27,우리브,KB국민 노리2 체크카드,이디야 양원남부점,3500,2023,9,27,남부,기타 외식
2023-09-27,우리브,KB국민 노리2 체크카드,(주)위메프,8500,2023,9,27,위메프,전자상거래
2023-09-28,우리브,KB국민 노리2 체크카드,에스케이 밥심,7000,2023,9,28,에스케이 밥심,한식
2023-09-01,라국민,KB국민 노리2 체크카드,간편결제_이니시스 (주)케이지이니시스,73710,2023,9,1,이니시스,전자상거래
2023-09-01,라국민,KB국민 노리2 체크카드,간편결제_이니시스 (주)케이지이니시스,42450,2023,9,1,이니시스,전자상거래
2023-09-02,라국민,KB국민 노리2 체크카드,365서울연합의원,5100,2023,9,2,365서울연합의원,건강/의료
2023-09-02,라국민,KB국민 노리2 체크카드,(주)윈큐브마케팅,1,2023,9,2,윈큐브마케팅,전자상거래
2023-09-02,라국민,KB국민 노리2 체크카드,삼흥약국,5000,2023,9,2,삼흥약국,건강/의료
2023-09-02,라국민,KB국민 노리2 체크카드,위메프_상품권,461000,2023,9,2,위메프,전자상거래
2023-09-03,라국민,KB국민 노리2 체크카드,주식회사 티몬,92200,2023,9,3,티몬,전자상거래
2023-09-04,라국민,KB국민 노리2 체크카드,방배김밥,8000,2023,9,4,방배김밥,분식
2023-09-06,라국민,KB국민 노리2 체크카드,장스내과,11700,2023,9,6,장스내과,건강/의료
2023-09-06,라국민,KB국민 노리2 체크카드,이즈약국,6830,2023,9,6,이즈약국,건강/의료
2023-09-06,라국민,KB국민 노리2 체크카드,이즈약국,3000,2023,9,6,이즈약국,건강/의료
2023-09-06,라국민,KB국민 노리2 체크카드,롯데쇼핑(주),90000,2023,9,6,롯데쇼핑,종합소매점
2023-09-06,라국민,KB국민 노리2 체크카드,십일번가 주식회사,3200,2023,9,6,11번가,전자상거래
2023-09-07,라국민,KB국민 노리2 체크카드,에스케이 밥심,7000,2023,9,7,에스케이 밥심,한식
2023-09-08,라국민,KB국민 노리2 체크카드,에스케이 밥심,8000,2023,9,8,에스케이 밥심,한식
2023-09-09,라국민,KB국민 노리2 체크카드,에스케이 밥심,7000,2023,9,9,에스케이 밥심,한식
2023-09-11,라국민,KB국민 노리2 체크카드,온실커피,5500,2023,9,11,온실커피,커피/음료
2023-09-15,라국민,KB국민 노리2 체크카드,세븐일레븐 신내SKv1점,2400,2023,9,15,세븐일레븐,편의점
2023-09-16,라국민,KB국민 노리2 체크카드,CU 망우경남점,2600,2023,9,16,CU,편의점
2023-09-17,라국민,KB국민 노리2 체크카드,에스케이 밥심,7000,2023,9,17,에스케이 밥심,한식
2023-09-17,라국민,KB국민 노리2 체크카드,디저트39중랑신내SKV1점,5500,2023,9,17,디저트39,제과제빵
2023-09-18,라국민,KB국민 노리2 체크카드,청춘청과 이수점,4000,2023,9,18,청춘청과,(건강)식품
2023-09-24,라국민,KB국민 노리2 체크카드,에스케이 밥심,7000,2023,9,24,에스케이 밥심,한식
2023-09-25,라국민,KB국민 노리2 체크카드,우주라이크커피상봉점엔터식스점,1500,2023,9,25,우주라이크,커피/음료
2023-09-26,라국민,KB국민 노리2 체크카드,이디야 양원남부점,4500,2023,9,26,남부,기타 외식
2023-09-26,라국민,KB국민 노리2 체크카드,이디야 양원남부점,1300,2023,9,26,남부,기타 외식
2023-09-30,라국민,KB국민 노리2 체크카드,서울도시가스(주) 04월 요금,51160,2023,9,30,도시가스,공과금
2023-09-13,류리브,KB국민 노리2 체크카드,LGU+통신**94-1330 자동이체,28490,2023,9,13,LGU,통신업
2023-09-28,라국민,KB국민 노리2 체크카드,주식회사 티몬,79943,2023,9,28,티몬,전자상거래
2023-09-29,라국민,KB국민 노리2 체크카드,(주)윈큐브마케팅,3061,2023,9,29,윈큐브마케팅,전자상거래
2023-09-30,라국민,KB국민 노리2 체크카드,에스케이 밥심,7000,2023,9,30,에스케이 밥심,한식
2023-09-30,라국민,KB국민 노리2 체크카드,에스케이 밥심,7000,2023,9,30,에스케이 밥심,한식
2023-09-03,류리브,KB국민 노리2 체크카드,(주)윈큐브마케팅,1,2023,9,3,윈큐브마케팅,전자상거래
2023-09-03,류리브,KB국민 노리2 체크카드,주식회사 티몬,461000,2023,9,3,티몬,전자상거래
2023-09-05,류리브,KB국민 노리2 체크카드,주식회사 티몬,138150,2023,9,5,티몬,전자상거래
2023-09-06,류리브,KB국민 노리2 체크카드,장난감도서관 3호점,400,2023,9,6,장난감도서관,교육
2023-09-08,류리브,KB국민 노리2 체크카드,방배김밥,8000,2023,9,8,방배김밥,분식
2023-09-13,류리브,KB국민 노리2 체크카드,에스케이 밥심,7000,2023,9,13,에스케이 밥심,한식
2023-09-14,류리브,KB국민 노리2 체크카드,에스케이 밥심,7000,2023,9,14,에스케이 밥심,한식
2023-09-16,류리브,KB국민 노리2 체크카드,블루샥 망우역점,3400,2023,9,16,블루샥,커피/음료
2023-09-16,류리브,KB국민 노리2 체크카드,주식회사 지마켓,22440,2023,9,16,지마켓,전자상거래
2023-09-16,류리브,KB국민 노리2 체크카드,주식회사 텐핑거스,24500,2023,9,16,텐핑거,패스트푸드
2023-09-19,류리브,KB국민 노리2 체크카드,(주)버킷플레이스,10379,2023,9,19,플레이,기타 서비스
2023-09-20,류리브,KB국민 노리2 체크카드,(주)이마트 상봉점,4580,2023,9,20,이마트,종합소매점
2023-09-20,류리브,KB국민 노리2 체크카드,주식회사 위대한상상,23000,2023,9,20,요기요,배달
2023-09-21,류리브,KB국민 노리2 체크카드,홈플러스(주),74220,2023,9,21,홈플러스,종합소매점
2023-09-22,류리브,KB국민 노리2 체크카드,장난감도서관 3호점,800,2023,9,22,장난감도서관,교육
2023-09-22,류리브,KB국민 노리2 체크카드,주식회사 티몬,10108,2023,9,22,티몬,전자상거래
2023-09-24,류리브,KB국민 노리2 체크카드,주식회사 티몬,10200,2023,9,24,티몬,전자상거래
2023-09-26,류리브,KB국민 노리2 체크카드,에스케이 밥심,7000,2023,9,26,에스케이 밥심,한식
2023-09-26,류리브,KB국민 노리2 체크카드,주식회사 지마켓,24220,2023,9,26,지마켓,전자상거래
2023-09-28,류리브,KB국민 노리2 체크카드,서울도시가스(주) 05월 요금,24220,2023,9,28,도시가스,공과금
2023-09-13,명국민,KB국민 노리2 체크카드,LGU+통신**94-1330 자동이체,28490,2023,9,13,LGU,통신업
2023-09-27,류리브,KB국민 노리2 체크카드,에스케이 밥심,7000,2023,9,27,에스케이 밥심,한식
2023-09-28,류리브,KB국민 노리2 체크카드,에스케이 밥심,7000,2023,9,28,에스케이 밥심,한식
2023-09-28,류리브,KB국민 노리2 체크카드,이즈약국,4000,2023,9,28,이즈약국,건강/의료
2023-09-29,류리브,KB국민 노리2 체크카드,베베원,22000,2023,9,29,베베,주점
2023-09-30,류리브,KB국민 노리2 체크카드,이디야 양원남부점,4500,2023,9,30,남부,기타 외식
2023-09-30,류리브,KB국민 노리2 체크카드,씨유(CU)삼산4단지점,2600,2023,9,30,CU,편의점
2023-09-01,명국민,KB국민 노리2 체크카드,컴포즈커피 중랑망우점,10000,2023,9,1,컴포즈커피,커피/음료
2023-09-01,명국민,KB국민 노리2 체크카드,롯데쇼핑(주),46640,2023,9,1,롯데쇼핑,종합소매점
2023-09-01,명국민,KB국민 노리2 체크카드,홈플러스(주)서울남현점,3150,2023,9,1,홈플러스,종합소매점
2023-09-01,명국민,KB국민 노리2 체크카드,홈플러스 서울상봉점 OFF일반,7100,2023,9,1,홈플러스,종합소매점
2023-09-02,명국민,KB국민 노리2 체크카드,에스케이 밥심,8000,2023,9,2,에스케이 밥심,한식
2023-09-02,명국민,KB국민 노리2 체크카드,(주)윈큐브마케팅,1,2023,9,2,윈큐브마케팅,전자상거래
2023-09-03,명국민,KB국민 노리2 체크카드,에스케이 밥심,7000,2023,9,3,에스케이 밥심,한식
2023-09-04,명국민,KB국민 노리2 체크카드,에스케이 밥심,7000,2023,9,4,에스케이 밥심,한식
2023-09-04,명국민,KB국민 노리2 체크카드,주식회사 티몬,461500,2023,9,4,티몬,전자상거래
2023-09-04,명국민,KB국민 노리2 체크카드,주식회사 티몬,17200,2023,9,4,티몬,전자상거래
2023-09-07,명국민,KB국민 노리2 체크카드,GS25방배타운점,6600,2023,9,7,GS25,편의점
2023-09-07,명국민,KB국민 노리2 체크카드,주식회사 위대한상상,3100,2023,9,7,요기요,배달
2023-09-07,명국민,KB국민 노리2 체크카드,11번가-SK pay,36881,2023,9,7,SK pay,결제대행
2023-09-08,명국민,KB국민 노리2 체크카드,에스케이 밥심,7000,2023,9,8,에스케이 밥심,한식
2023-09-08,명국민,KB국민 노리2 체크카드,쿠팡,39800,2023,9,8,쿠팡,전자상거래
2023-09-08,명국민,KB국민 노리2 체크카드,GS25 이수역점,11000,2023,9,8,GS25,편의점
2023-09-08,명국민,KB국민 노리2 체크카드,홈플러스(주),42360,2023,9,8,홈플러스,종합소매점
2023-09-08,명국민,KB국민 노리2 체크카드,홈플러스(주),2990,2023,9,8,홈플러스,종합소매점
2023-09-08,명국민,KB국민 노리2 체크카드,주식회사 지마켓,69200,2023,9,8,지마켓,전자상거래
2023-09-09,명국민,KB국민 노리2 체크카드,에스케이 밥심,7000,2023,9,9,에스케이 밥심,한식
2023-09-09,명국민,KB국민 노리2 체크카드,주식회사 위메프,184400,2023,9,9,위메프,전자상거래
2023-09-10,명국민,KB국민 노리2 체크카드,에스케이 밥심,7000,2023,9,10,에스케이 밥심,한식
2023-09-14,명국민,KB국민 노리2 체크카드,GS25묵동사랑점,2200,2023,9,14,GS25,편의점
2023-09-15,명국민,KB국민 노리2 체크카드,주식회사 티몬,27000,2023,9,15,티몬,전자상거래
2023-09-15,명국민,KB국민 노리2 체크카드,주식회사 티몬,1600,2023,9,15,티몬,전자상거래
2023-09-15,명국민,KB국민 노리2 체크카드,주식회사 티몬,141080,2023,9,15,티몬,전자상거래
2023-09-17,명국민,KB국민 노리2 체크카드,에스케이 밥심,8000,2023,9,17,에스케이 밥심,한식
2023-09-18,명국민,KB국민 노리2 체크카드,에스케이 밥심,7000,2023,9,18,에스케이 밥심,한식
2023-09-19,명국민,KB국민 노리2 체크카드,에스케이 밥심,7000,2023,9,19,에스케이 밥심,한식
2023-09-20,명국민,KB국민 노리2 체크카드,(주)이마트 상봉점,92800,2023,9,20,이마트,종합소매점
2023-09-20,명국민,KB국민 노리2 체크카드,CU 망우행복점,11290,2023,9,20,CU,편의점
2023-09-21,명국민,KB국민 노리2 체크카드,이마트24 서울어린이대공원 정문점,3200,2023,9,21,이마트,종합소매점
2023-09-22,명국민,KB국민 노리2 체크카드,에스케이 밥심,7000,2023,9,22,에스케이 밥심,한식
2023-09-23,명국민,KB국민 노리2 체크카드,에스케이 밥심,8000,2023,9,23,에스케이 밥심,한식
2023-09-30,주국민,KB국민 노리2 체크카드,서울도시가스(주) 07월 요금,3050,2023,9,30,도시가스,공과금
2023-09-13,차국민,KB국민 노리2 체크카드,LGU+통신**94-1330 자동이체,28490,2023,9,13,LGU,통신업
2023-09-28,주국민,KB국민 노리2 체크카드,크린토피아방배롯데캐슬점,4470,2023,9,28,크린토피아,세탁
2023-09-28,주국민,KB국민 노리2 체크카드,투썸플레이스 신내SKV1센터점,10300,2023,9,28,투썸플레이스,커피/음료
2023-09-30,주국민,KB국민 노리2 체크카드,홈플러스 서울상봉점 OFF일반,147860,2023,9,30,홈플러스,종합소매점
2023-09-01,차국민,KB국민 노리2 체크카드,주식회사 위대한상상,3800,2023,9,1,요기요,배달
2023-09-02,차국민,KB국민 노리2 체크카드,주식회사 티몬,26730,2023,9,2,티몬,전자상거래
2023-09-02,차국민,KB국민 노리2 체크카드,주식회사 티몬,25920,2023,9,2,티몬,전자상거래
2023-09-03,차국민,KB국민 노리2 체크카드,(주)윈큐브마케팅,1,2023,9,3,윈큐브마케팅,전자상거래
2023-09-03,차국민,KB국민 노리2 체크카드,CJ온스타일,10000,2023,9,3,온스,한식
2023-09-03,차국민,KB국민 노리2 체크카드,주식회사 지마켓,5000,2023,9,3,지마켓,전자상거래
2023-09-03,차국민,KB국민 노리2 체크카드,주식회사 지마켓,5000,2023,9,3,지마켓,전자상거래
2023-09-04,차국민,KB국민 노리2 체크카드,주식회사 위메프,462500,2023,9,4,위메프,전자상거래
2023-09-05,차국민,KB국민 노리2 체크카드,장난감도서관 3호점,10000,2023,9,5,장난감도서관,교육
2023-09-05,차국민,KB국민 노리2 체크카드,투썸플레이스 신내SKV1센터점,10500,2023,9,5,투썸플레이스,커피/음료
2023-09-08,차국민,KB국민 노리2 체크카드,CU 망우경남점,2100,2023,9,8,CU,편의점
2023-09-09,차국민,KB국민 노리2 체크카드,주식회사 티몬,10760,2023,9,9,티몬,전자상거래
2023-09-11,차국민,KB국민 노리2 체크카드,KIS정보통신,26439,2023,9,11,KIS정보통신,통신업
2023-09-15,차국민,KB국민 노리2 체크카드,장난감도서관 3호점,400,2023,9,15,장난감도서관,교육
2023-09-16,차국민,KB국민 노리2 체크카드,배스킨라빈스 양원역점,7600,2023,9,16,배스킨라빈스,아이스크림/빙수 
2023-09-17,차국민,KB국민 노리2 체크카드,주식회사 티몬,24750,2023,9,17,티몬,전자상거래
2023-09-17,차국민,KB국민 노리2 체크카드,주식회사 지마켓,26840,2023,9,17,지마켓,전자상거래
2023-09-17,차국민,KB국민 노리2 체크카드,롯데쇼핑(주),11880,2023,9,17,롯데쇼핑,종합소매점
2023-09-18,차국민,KB국민 노리2 체크카드,주식회사 아성다이소,1000,2023,9,18,다이소,기타도소매
2023-09-18,차국민,KB국민 노리2 체크카드,주식회사 아성다이소,6000,2023,9,18,다이소,기타도소매
2023-09-18,차국민,KB국민 노리2 체크카드,(주)이마트 상봉점,19900,2023,9,18,이마트,종합소매점
2023-09-18,차국민,KB국민 노리2 체크카드,(주)이마트 상봉점,12780,2023,9,18,이마트,종합소매점
2023-09-18,차국민,KB국민 노리2 체크카드,씨유(CU) 망우금란점,2100,2023,9,18,CU,편의점
2023-09-19,차국민,KB국민 노리2 체크카드,투썸플레이스 신내SKV1센터점,9500,2023,9,19,투썸플레이스,커피/음료
2023-09-19,차국민,KB국민 노리2 체크카드,CU 망우경남점,8400,2023,9,19,CU,편의점
2023-09-20,차국민,KB국민 노리2 체크카드,KFC망우동점,5900,2023,9,20,KFC,패스트프드
2023-09-20,차국민,KB국민 노리2 체크카드,주식회사 티몬,26100,2023,9,20,티몬,전자상거래
2023-09-21,차국민,KB국민 노리2 체크카드,에스케이 밥심,14000,2023,9,21,에스케이 밥심,한식
2023-09-27,차국민,KB국민 노리2 체크카드,에스케이 밥심,7000,2023,9,27,에스케이 밥심,한식
2023-09-27,차국민,KB국민 노리2 체크카드,(주)이마트 상봉점,6320,2023,9,27,이마트,종합소매점
2023-09-27,차국민,KB국민 노리2 체크카드,홈플러스(주),40600,2023,9,27,홈플러스,종합소매점
2023-09-13,허리브,KB국민 노리2 체크카드,LGU+통신**94-1330 자동이체,28490,2023,9,13,LGU,통신업
2023-09-28,차국민,KB국민 노리2 체크카드,투썸플레이스 신내SKV1센터점,10300,2023,9,28,투썸플레이스,커피/음료
2023-09-28,차국민,KB국민 노리2 체크카드,쿠팡,24500,2023,9,28,쿠팡,전자상거래
2023-09-29,차국민,KB국민 노리2 체크카드,네이버페이,6340,2023,9,29,네이버페이,결제대행
2023-09-29,차국민,KB국민 노리2 체크카드,스마일페이_요기요,7071,2023,9,29,요기요,배달
2023-09-30,차국민,KB국민 노리2 체크카드,내이처럼,334400,2023,9,30,내이처럼,건강/의료
2023-09-30,차국민,KB국민 노리2 체크카드,살롱 드 키코,25000,2023,9,30,살롱 드 키코,미용
2023-09-01,허리브,KB국민 노리2 체크카드,(주)티몬,92100,2023,9,1,티몬,전자상거래
2023-09-01,허리브,KB국민 노리2 체크카드,주식회사 티몬,8500,2023,9,1,티몬,전자상거래
2023-09-01,허리브,KB국민 노리2 체크카드,주식회사 티몬,54400,2023,9,1,티몬,전자상거래
2023-09-01,허리브,KB국민 노리2 체크카드,11번가-SK pay,8400,2023,9,1,SK pay,결제대행
2023-09-01,허리브,KB국민 노리2 체크카드,쿠팡,55380,2023,9,1,쿠팡,전자상거래
2023-09-01,허리브,KB국민 노리2 체크카드,롯데쇼핑(주),3800,2023,9,1,롯데쇼핑,종합소매점
2023-09-03,허리브,KB국민 노리2 체크카드,옥션,100,2023,9,3,옥션,전자상거래
2023-09-06,허리브,KB국민 노리2 체크카드,스마일페이_요기요,23000,2023,9,6,요기요,배달
2023-09-06,허리브,KB국민 노리2 체크카드,SK pay_SKT정기결제,4900,2023,9,6,SK pay,결제대행
2023-09-06,허리브,KB국민 노리2 체크카드,홈플러스 서울상봉점 OFF일반,6700,2023,9,6,홈플러스,종합소매점
2023-09-07,허리브,KB국민 노리2 체크카드,GS25상봉뉴월드점,1300,2023,9,7,GS25,편의점
2023-09-08,허리브,KB국민 노리2 체크카드,(주)위메프,20280,2023,9,8,위메프,전자상거래
2023-09-08,허리브,KB국민 노리2 체크카드,지마켓_상품권,277800,2023,9,8,지마켓,전자상거래
2023-09-08,허리브,KB국민 노리2 체크카드,11번가-SK pay,13464,2023,9,8,SK pay,결제대행
2023-09-10,허리브,KB국민 노리2 체크카드,11번가-SK pay,13900,2023,9,10,SK pay,결제대행
2023-09-11,허리브,KB국민 노리2 체크카드,에스케이 밥심,6500,2023,9,11,에스케이 밥심,한식
2023-09-11,허리브,KB국민 노리2 체크카드,11번가-SK pay,2150,2023,9,11,SK pay,결제대행
2023-09-12,허리브,KB국민 노리2 체크카드,에스케이 밥심,6500,2023,9,12,에스케이 밥심,한식
2023-09-12,허리브,KB국민 노리2 체크카드,(주)윈큐브마케팅,1,2023,9,12,윈큐브마케팅,전자상거래
2023-09-13,허리브,KB국민 노리2 체크카드,내이처럼,6100,2023,9,13,내이처럼,건강/의료
2023-09-13,허리브,KB국민 노리2 체크카드,내이처럼,10000,2023,9,13,내이처럼,건강/의료
2023-09-13,허리브,KB국민 노리2 체크카드,11번가-SK pay,12177,2023,9,13,SK pay,결제대행
2023-09-14,허리브,KB국민 노리2 체크카드,11번가-SK pay,27870,2023,9,14,SK pay,결제대행
2023-09-16,허리브,KB국민 노리2 체크카드,에스케이 밥심,6500,2023,9,16,에스케이 밥심,한식
2023-09-17,허리브,KB국민 노리2 체크카드,에스케이 밥심,6500,2023,9,17,에스케이 밥심,한식
2023-09-18,허리브,KB국민 노리2 체크카드,에스케이 밥심,6500,2023,9,18,에스케이 밥심,한식
2023-09-19,허리브,KB국민 노리2 체크카드,씨유 메이필드호텔점,5700,2023,9,19,씨유,편의점
2023-09-19,허리브,KB국민 노리2 체크카드,홈플러스 서울상봉점 OFF일반,52000,2023,9,19,홈플러스,종합소매점
2023-09-19,허리브,KB국민 노리2 체크카드,홈플러스 서울상봉점 OFF일반,5900,2023,9,19,홈플러스,종합소매점
2023-09-22,허리브,KB국민 노리2 체크카드,에스케이 밥심,6500,2023,9,22,에스케이 밥심,한식
2023-09-23,허리브,KB국민 노리2 체크카드,에스케이 밥심,6500,2023,9,23,에스케이 밥심,한식
2023-09-24,허리브,KB국민 노리2 체크카드,장스소아과,800,2023,9,24,장스소아과,건강/의료
2023-09-24,허리브,KB국민 노리2 체크카드,이즈약국,1800,2023,9,24,이즈약국,건강/의료
2023-09-24,허리브,KB국민 노리2 체크카드,에스케이 밥심,6500,2023,9,24,에스케이 밥심,한식
2023-09-24,허리브,KB국민 노리2 체크카드,이디야 양원남부점,7600,2023,9,24,남부,기타 외식
2023-09-25,허리브,KB국민 노리2 체크카드,에스케이 밥심,6500,2023,9,25,에스케이 밥심,한식
2023-09-26,허리브,KB국민 노리2 체크카드,에스케이 밥심,6500,2023,9,26,에스케이 밥심,한식
2023-09-30,허리브,KB국민 노리2 체크카드,서울도시가스(주) 09월 요금,4280,2023,9,30,도시가스,공과금
2023-09-13,현국민,KB국민 노리2 체크카드,LGU+통신**94-1330 자동이체,28490,2023,9,13,LGU,통신업
2023-09-29,허리브,KB국민 노리2 체크카드,에스케이 밥심,6500,2023,9,29,에스케이 밥심,한식
2023-09-30,허리브,KB국민 노리2 체크카드,에스케이 밥심,6500,2023,9,30,에스케이 밥심,한식
2023-09-30,허리브,KB국민 노리2 체크카드,위메프페이,17400,2023,9,30,위메프,전자상거래
2023-09-30,허리브,KB국민 노리2 체크카드,에스케이 밥심,6500,2023,9,30,에스케이 밥심,한식
2023-09-01,현국민,KB국민 노리2 체크카드,(주)티몬,92100,2023,9,1,티몬,전자상거래
2023-09-01,현국민,KB국민 노리2 체크카드,케이티알파,50000,2023,9,1,알파,기타도소매
2023-09-02,현국민,KB국민 노리2 체크카드,이지함피부과의원,6300,2023,9,2,이지함피부과의원,건강/의료
2023-09-02,현국민,KB국민 노리2 체크카드,주식회사 아성다이소,7050,2023,9,2,다이소,기타도소매
2023-09-02,현국민,KB국민 노리2 체크카드,한국통닭,14000,2023,9,2,한국통닭,치킨
2023-09-02,현국민,KB국민 노리2 체크카드,에스케이 밥심,6500,2023,9,2,에스케이 밥심,한식
2023-09-02,현국민,KB국민 노리2 체크카드,연세약국,3700,2023,9,2,연세약국,건강/의료
2023-09-02,현국민,KB국민 노리2 체크카드,11번가-SK pay,35631,2023,9,2,SK pay,결제대행
2023-09-05,현국민,KB국민 노리2 체크카드,보고플레이,14900,2023,9,5,보고플레이,전자상거래
2023-09-05,현국민,KB국민 노리2 체크카드,옥션_상품권,460500,2023,9,5,옥션,전자상거래
2023-09-06,현국민,KB국민 노리2 체크카드,에스케이 밥심,6500,2023,9,6,에스케이 밥심,한식
2023-09-06,현국민,KB국민 노리2 체크카드,SK pay_SKT정기결제,4900,2023,9,6,SK pay,결제대행
2023-09-07,현국민,KB국민 노리2 체크카드,에스케이 밥심,6500,2023,9,7,에스케이 밥심,한식
2023-09-07,현국민,KB국민 노리2 체크카드,KOCES_자판기_1,2100,2023,9,7,자판기,기타도소매
2023-09-08,현국민,KB국민 노리2 체크카드,에스케이 밥심,6500,2023,9,8,에스케이 밥심,한식
2023-09-08,현국민,KB국민 노리2 체크카드,유유김밥,8000,2023,9,8,유유김밥,기타 외식
2023-09-10,현국민,KB국민 노리2 체크카드,이디야 양원남부점,7600,2023,9,10,남부,기타 외식
2023-09-13,현국민,KB국민 노리2 체크카드,에스케이 밥심,6500,2023,9,13,에스케이 밥심,한식
2023-09-14,현국민,KB국민 노리2 체크카드,주식회사 아성다이소,16000,2023,9,14,다이소,기타도소매
2023-09-14,현국민,KB국민 노리2 체크카드,쿠팡,20580,2023,9,14,쿠팡,전자상거래
2023-09-17,현국민,KB국민 노리2 체크카드,주식회사 블루마마,38000,2023,9,17,블루마마,기타도소매
2023-09-17,현국민,KB국민 노리2 체크카드,쿠팡,86110,2023,9,17,쿠팡,전자상거래
2023-09-19,현국민,KB국민 노리2 체크카드,에스케이 밥심,6500,2023,9,19,에스케이 밥심,한식
2023-09-20,현국민,KB국민 노리2 체크카드,쿠팡,25800,2023,9,20,쿠팡,전자상거래
2023-09-22,현국민,KB국민 노리2 체크카드,에스케이 밥심,6500,2023,9,22,에스케이 밥심,한식
2023-09-26,현국민,KB국민 노리2 체크카드,롯데하이마트㈜,489740,2023,9,26,하이마트,기타도소매
2023-09-27,현국민,KB국민 노리2 체크카드,장스소아과,40600,2023,9,27,장스소아과,건강/의료
2023-09-27,현국민,KB국민 노리2 체크카드,이즈약국,2400,2023,9,27,이즈약국,건강/의료
2023-09-30,현국민,KB국민 노리2 체크카드,서울도시가스(주) 10월 요금,3490,2023,9,30,도시가스,공과금
2023-09-13,백리브,KB국민 노리2 체크카드,LGU+통신**94-1330 자동이체,28490,2023,9,13,LGU,통신업
2023-09-28,현국민,KB국민 노리2 체크카드,에스케이 밥심,6500,2023,9,28,에스케이 밥심,한식
2023-09-01,백리브,KB국민 노리2 체크카드,주식회사 티몬,552600,2023,9,1,티몬,전자상거래
2023-09-01,백리브,KB국민 노리2 체크카드,세븐일레븐 독립문역점,2000,2023,9,1,세븐일레븐,편의점
2023-09-04,백리브,KB국민 노리2 체크카드,에스케이 밥심,6500,2023,9,4,에스케이 밥심,한식
2023-09-05,백리브,KB국민 노리2 체크카드,쿠팡,5540,2023,9,5,쿠팡,전자상거래
2023-09-06,백리브,KB국민 노리2 체크카드,크린토피아방배롯데캐슬점,6000,2023,9,6,크린토피아,세탁
2023-09-06,백리브,KB국민 노리2 체크카드,11번가-SK pay,19711,2023,9,6,SK pay,결제대행
2023-09-09,백리브,KB국민 노리2 체크카드,주식회사 위대한상상,17000,2023,9,9,요기요,배달
2023-09-10,백리브,KB국민 노리2 체크카드,11번가-SK pay,30938,2023,9,10,SK pay,결제대행
2023-09-11,백리브,KB국민 노리2 체크카드,에스케이 밥심,6500,2023,9,11,에스케이 밥심,한식
2023-09-11,백리브,KB국민 노리2 체크카드,주식회사 티몬,26400,2023,9,11,티몬,전자상거래
2023-09-12,백리브,KB국민 노리2 체크카드,11번가-SK pay,100,2023,9,12,SK pay,결제대행
2023-09-12,백리브,KB국민 노리2 체크카드,SK pay_SKT정기결제,24500,2023,9,12,SK pay,결제대행
2023-09-14,백리브,KB국민 노리2 체크카드,동원디어푸드 주식회사,29440,2023,9,14,디어,기타 서비스
2023-09-20,백리브,KB국민 노리2 체크카드,장스소아과,600,2023,9,20,장스소아과,건강/의료
2023-09-20,백리브,KB국민 노리2 체크카드,이즈약국,1900,2023,9,20,이즈약국,건강/의료
2023-09-22,백리브,KB국민 노리2 체크카드,장스소아과,800,2023,9,22,장스소아과,건강/의료
2023-09-22,백리브,KB국민 노리2 체크카드,이즈약국,10390,2023,9,22,이즈약국,건강/의료
2023-09-26,백리브,KB국민 노리2 체크카드,에스케이 밥심,6500,2023,9,26,에스케이 밥심,한식
2023-09-27,백리브,KB국민 노리2 체크카드,에스케이 밥심,6500,2023,9,27,에스케이 밥심,한식
2023-09-30,백리브,KB국민 노리2 체크카드,서울도시가스(주) 11월 요금,3610,2023,9,30,도시가스,공과금
2023-09-13,신리브,KB국민 노리2 체크카드,LGU+통신**94-1330 자동이체,28490,2023,9,13,LGU,통신업
2023-09-28,백리브,KB국민 노리2 체크카드,에스케이 밥심,6500,2023,9,28,에스케이 밥심,한식
2023-09-28,백리브,KB국민 노리2 체크카드,위메프_간편결제,17900,2023,9,28,위메프,전자상거래
2023-09-29,백리브,KB국민 노리2 체크카드,㈜티몬,62730,2023,9,29,티몬,전자상거래
2023-09-30,백리브,KB국민 노리2 체크카드,에스케이 밥심,6500,2023,9,30,에스케이 밥심,한식
2023-09-01,신리브,KB국민 노리2 체크카드,에스케이 밥심,6500,2023,9,1,에스케이 밥심,한식
2023-09-01,신리브,KB국민 노리2 체크카드,지마켓_상품권,276300,2023,9,1,지마켓,전자상거래
2023-09-01,신리브,KB국민 노리2 체크카드,11번가-SK pay,473010,2023,9,1,SK pay,결제대행
2023-09-02,신리브,KB국민 노리2 체크카드,에스케이 밥심,6500,2023,9,2,에스케이 밥심,한식
2023-09-07,신리브,KB국민 노리2 체크카드,에스케이 밥심,6500,2023,9,7,에스케이 밥심,한식
2023-09-08,신리브,KB국민 노리2 체크카드,에스케이 밥심,6500,2023,9,8,에스케이 밥심,한식
2023-09-09,신리브,KB국민 노리2 체크카드,크린토피아방배롯데캐슬점,7470,2023,9,9,크린토피아,세탁
2023-09-10,신리브,KB국민 노리2 체크카드,주식회사 양원마트,13400,2023,9,10,양원마트,기타도소매
2023-09-11,신리브,KB국민 노리2 체크카드,이디야 양원남부점,11000,2023,9,11,남부,기타 외식
2023-09-11,신리브,KB국민 노리2 체크카드,십일번가 주식회사,227500,2023,9,11,11번가,전자상거래
2023-09-11,신리브,KB국민 노리2 체크카드,십일번가 주식회사,227500,2023,9,11,11번가,전자상거래
2023-09-15,신리브,KB국민 노리2 체크카드,위메프_간편결제,11900,2023,9,15,위메프,전자상거래
2023-09-16,신리브,KB국민 노리2 체크카드,크린토피아방배롯데캐슬점,6000,2023,9,16,크린토피아,세탁
2023-09-17,신리브,KB국민 노리2 체크카드,에스케이 밥심,6500,2023,9,17,에스케이 밥심,한식
2023-09-18,신리브,KB국민 노리2 체크카드,에스케이 밥심,6500,2023,9,18,에스케이 밥심,한식
2023-09-18,신리브,KB국민 노리2 체크카드,이디야커피점,7700,2023,9,18,이디야커피,커피/음료
2023-09-19,신리브,KB국민 노리2 체크카드,카카오페이(택시),7800,2023,9,19,카카오페이,결제대행
2023-09-20,신리브,KB국민 노리2 체크카드,홈플러스 서울상봉점 OFF일반,18190,2023,9,20,홈플러스,종합소매점
2023-09-21,신리브,KB국민 노리2 체크카드,에스케이 밥심,6500,2023,9,21,에스케이 밥심,한식
2023-09-24,신리브,KB국민 노리2 체크카드,에스케이 밥심,6500,2023,9,24,에스케이 밥심,한식
2023-09-26,신리브,KB국민 노리2 체크카드,이디야 양원남부점,3800,2023,9,26,남부,기타 외식
2023-09-27,신리브,KB국민 노리2 체크카드,선물하기_카카오페이,22000,2023,9,27,카카오페이,결제대행
2023-09-14,차국민,KB국민 청춘대로 톡톡카드,SKPAY대표-에스케이텔레콤(주),990,2023,9,14,SKPAY,결제대행
2023-09-14,차국민,KB국민 청춘대로 톡톡카드,베니스에프엔에스 이레빌딩점,7000,2023,9,14,본도시락,한식
2023-09-14,차국민,KB국민 청춘대로 톡톡카드,네이버페이-주식회사트라이씨클,29230,2023,9,14,네이버페이,결제대행
2023-09-14,차국민,KB국민 청춘대로 톡톡카드,홍콩반점당산역점,13900,2023,9,14,홍콩반점,중식
2023-09-15,차국민,KB국민 청춘대로 톡톡카드,대가순대국,24000,2023,9,15,대가순대국,한식
2023-09-15,차국민,KB국민 청춘대로 톡톡카드,찰찰보리식빵,6600,2023,9,15,찰찰보리식빵,제과제빵
2023-09-15,차국민,KB국민 청춘대로 톡톡카드,주식회사양원마트,9800,2023,9,15,양원마트,기타도소매
2023-09-16,차국민,KB국민 청춘대로 톡톡카드,매머드익스프레스 이수역점,1600,2023,9,16,이디야커피,커피/음료
2023-09-17,차국민,KB국민 청춘대로 톡톡카드,NICE결제대행-청담은,77800,2023,9,17,청담은,(건강)식품
2023-09-17,차국민,KB국민 청춘대로 톡톡카드,베니스에프엔에스 이레빌딩점,7000,2023,9,17,본도시락,한식
2023-09-17,차국민,KB국민 청춘대로 톡톡카드,현대해상화재보험,53010,2023,9,17,현대해상,금융/보험
2023-09-17,차국민,KB국민 청춘대로 톡톡카드,현대해상화재보험,18550,2023,9,17,현대해상,금융/보험
2023-09-18,차국민,KB국민 청춘대로 톡톡카드,베니스에프엔에스 이레빌딩점,7000,2023,9,18,본도시락,한식
2023-09-18,차국민,KB국민 청춘대로 톡톡카드,(팸퍼스) 기저,65541,2023,9,18,(팸퍼스) 기저,기타도소매
2023-09-19,차국민,KB국민 청춘대로 톡톡카드,모빌PG_대표(일반)-(주)지니웍스,3060,2023,9,19,지니웍스,통신업
2023-09-20,차국민,KB국민 청춘대로 톡톡카드,베니스에프엔에스 이레빌딩점,7000,2023,9,20,본도시락,한식
2023-09-20,차국민,KB국민 청춘대로 톡톡카드,크린토피아방배롯데캐슬점,6000,2023,9,20,크린토피아,세탁
2023-09-20,차국민,KB국민 청춘대로 톡톡카드,이마트24 방배현대점,3150,2023,9,20,이마트,종합소매점
2023-09-21,차국민,KB국민 청춘대로 톡톡카드,SK브로드밴드(주),29700,2023,9,21,SK브로드밴드,통신업
2023-09-21,차국민,KB국민 청춘대로 톡톡카드,이니시스(일반)-홈플러스(주),62700,2023,9,21,이니시스,전자상거래
2023-09-21,차국민,KB국민 청춘대로 톡톡카드,베니스에프엔에스 이레빌딩점,7000,2023,9,21,본도시락,한식
2023-09-22,차국민,KB국민 청춘대로 톡톡카드,롯데쇼핑(주)-롯데쇼핑e커머스사업,30780,2023,9,22,롯데쇼핑,종합소매점
2023-09-22,차국민,KB국민 청춘대로 톡톡카드,쿠팡(쿠페이)-쿠팡(쿠페이),31900,2023,9,22,쿠팡,전자상거래
2023-09-23,차국민,KB국민 청춘대로 톡톡카드,지마켓-주식회사지마켓,135100,2023,9,23,지마켓,전자상거래
2023-09-23,차국민,KB국민 청춘대로 톡톡카드,매머드익스프레스 이수역점,1600,2023,9,23,이디야커피,커피/음료
2023-09-24,차국민,KB국민 청춘대로 톡톡카드,베니스에프엔에스 이레빌딩점,7000,2023,9,24,본도시락,한식
2023-09-25,차국민,KB국민 청춘대로 톡톡카드,네이버페이,26900,2023,9,25,네이버페이,결제대행
2023-09-25,차국민,KB국민 청춘대로 톡톡카드,전기요금자동납부-01****0378,9480,2023,9,25,전기요금,공과금
2023-09-26,차국민,KB국민 청춘대로 톡톡카드,베니스에프엔에스 이레빌딩점,7000,2023,9,26,본도시락,한식
2023-09-26,차국민,KB국민 청춘대로 톡톡카드,만랩커피 당산중앙점,5600,2023,9,26,만랩커피,커피/음료
2023-09-27,차국민,KB국민 청춘대로 톡톡카드,이니시스(위메프)-위메프,20510,2023,9,27,이니시스,전자상거래
2023-09-27,차국민,KB국민 청춘대로 톡톡카드,베니스에프엔에스 이레빌딩점,7000,2023,9,27,본도시락,한식
2023-09-28,차국민,KB국민 청춘대로 톡톡카드,베니스에프엔에스 이레빌딩점,7000,2023,9,28,본도시락,한식
2023-09-28,차국민,KB국민 청춘대로 톡톡카드,매머드익스프레스 당산이레빌딩점,4500,2023,9,28,이디야커피,커피/음료
2023-09-29,차국민,KB국민 청춘대로 톡톡카드,파리바게뜨 양원역점,13740,2023,9,29,파리바게뜨,제과제빵
2023-09-29,차국민,KB국민 청춘대로 톡톡카드,파리바게뜨 양원역점,1500,2023,9,29,파리바게뜨,제과제빵
2023-09-30,차국민,KB국민 청춘대로 톡톡카드,매머드익스프레스 이수역점,1600,2023,9,30,이디야커피,커피/음료
2023-09-30,차국민,KB국민 청춘대로 톡톡카드,도로교통공단 강서운전면허시험장,13000,2023,9,30,도로교통공단,기타서비스
2023-09-30,차국민,KB국민 청춘대로 톡톡카드,크린토피아방배롯데캐슬점,6000,2023,9,30,크린토피아,세탁
2023-09-01,허리브,KB국민 청춘대로 톡톡카드,티머니 개인택시_0,16200,2023,9,1,티머니,대중교통
2023-09-01,허리브,KB국민 청춘대로 톡톡카드,롯데쇼핑(주)-롯데쇼핑e커머스사업,23520,2023,9,1,롯데쇼핑,종합소매점
2023-09-02,허리브,KB국민 청춘대로 톡톡카드,베니스에프엔에스 이레빌딩점,7000,2023,9,2,본도시락,한식
2023-09-02,허리브,KB국민 청춘대로 톡톡카드,NICE결제대행-청담은,74800,2023,9,2,청담은,(건강)식품
2023-09-02,허리브,KB국민 청춘대로 톡톡카드,크린토피아방배롯데캐슬점,7940,2023,9,2,크린토피아,세탁
2023-09-03,허리브,KB국민 청춘대로 톡톡카드,버거킹 PAYCO,7200,2023,9,3,버거킹,패스트푸드
2023-09-04,허리브,KB국민 청춘대로 톡톡카드,베니스에프엔에스 이레빌딩점,7000,2023,9,4,본도시락,한식
2023-09-06,허리브,KB국민 청춘대로 톡톡카드,매머드익스프레스 이수역점,1600,2023,9,6,이디야커피,커피/음료
2023-09-08,허리브,KB국민 청춘대로 톡톡카드,베니스에프엔에스 이레빌딩점,7000,2023,9,8,본도시락,한식
2023-09-09,허리브,KB국민 청춘대로 톡톡카드,LGUPLUS통신요금자동이체(46**32),22990,2023,9,9,LGU,통신업
2023-09-09,허리브,KB국민 청춘대로 톡톡카드,베니스에프엔에스 이레빌딩점,7000,2023,9,9,본도시락,한식
2023-09-10,허리브,KB국민 청춘대로 톡톡카드,베니스에프엔에스 이레빌딩점,7000,2023,9,10,본도시락,한식
2023-09-10,허리브,KB국민 청춘대로 톡톡카드,서울시네이버페이,5200,2023,9,10,네이버페이,결제대행
2023-09-11,허리브,KB국민 청춘대로 톡톡카드,베니스에프엔에스 이레빌딩점,7000,2023,9,11,본도시락,한식
2023-09-12,허리브,KB국민 청춘대로 톡톡카드,네이버페이-오늘의집,9201,2023,9,12,네이버페이,결제대행
2023-09-12,허리브,KB국민 청춘대로 톡톡카드,(주) 신화푸드,30000,2023,9,12,신화푸드,일식
2023-09-13,허리브,KB국민 청춘대로 톡톡카드,지하철 27 건,34150,2023,9,13,지하철,대중교통
2023-09-13,허리브,KB국민 청춘대로 톡톡카드,버스 2 건,2100,2023,9,13,버스,대중교통
2023-09-14,주국민,KB국민 청춘대로 톡톡카드,SKPAY대표-에스케이텔레콤(주),990,2023,9,14,SKPAY,결제대행
2023-09-14,주국민,KB국민 청춘대로 톡톡카드,베니스에프엔에스 이레빌딩점,7000,2023,9,14,본도시락,한식
2023-09-14,주국민,KB국민 청춘대로 톡톡카드,크린토피아방배롯데캐슬점,5970,2023,9,14,크린토피아,세탁
2023-09-14,주국민,KB국민 청춘대로 톡톡카드,홈플러스(주)-홈플러스,40950,2023,9,14,홈플러스,종합소매점
2023-09-15,주국민,KB국민 청춘대로 톡톡카드,베니스에프엔에스 이레빌딩점,7000,2023,9,15,본도시락,한식
2023-09-16,주국민,KB국민 청춘대로 톡톡카드,옥션-주식회사지마켓,29540,2023,9,16,지마켓,전자상거래
2023-09-16,주국민,KB국민 청춘대로 톡톡카드,베니스에프엔에스 이레빌딩점,7000,2023,9,16,본도시락,한식
2023-09-16,주국민,KB국민 청춘대로 톡톡카드,네이버페이,12870,2023,9,16,네이버페이,결제대행
2023-09-16,주국민,KB국민 청춘대로 톡톡카드,3POP(쓰리팝),3300,2023,9,16,3POP(쓰리팝),PC방
2023-09-19,주국민,KB국민 청춘대로 톡톡카드,베니스에프엔에스 이레빌딩점,7000,2023,9,19,본도시락,한식
2023-09-20,주국민,KB국민 청춘대로 톡톡카드,베니스에프엔에스 이레빌딩점,7000,2023,9,20,본도시락,한식
2023-09-20,주국민,KB국민 청춘대로 톡톡카드,인터파크_이니시스-주식회사인터파크,9900,2023,9,20,이니시스,전자상거래
2023-09-20,주국민,KB국민 청춘대로 톡톡카드,네이버페이,16900,2023,9,20,네이버페이,결제대행
2023-09-21,주국민,KB국민 청춘대로 톡톡카드,SK브로드밴드(주),29700,2023,9,21,SK브로드밴드,통신업
2023-09-21,주국민,KB국민 청춘대로 톡톡카드,베니스에프엔에스 이레빌딩점,7000,2023,9,21,본도시락,한식
2023-09-22,주국민,KB국민 청춘대로 톡톡카드,베니스에프엔에스 이레빌딩점,7000,2023,9,22,본도시락,한식
2023-09-22,주국민,KB국민 청춘대로 톡톡카드,크린토피아방배롯데캐슬점,7500,2023,9,22,크린토피아,세탁
2023-09-23,주국민,KB국민 청춘대로 톡톡카드,베니스에프엔에스 이레빌딩점,7000,2023,9,23,본도시락,한식
2023-09-23,주국민,KB국민 청춘대로 톡톡카드,현대해상화재보험,71560,2023,9,23,현대해상,금융/보험
2023-09-24,주국민,KB국민 청춘대로 톡톡카드,투썸플레이스 신내점,800,2023,9,24,투썸플레이스,커피/음료
2023-09-25,주국민,KB국민 청춘대로 톡톡카드,매머드익스프레스 이수역점,1600,2023,9,25,이디야커피,커피/음료
2023-09-26,주국민,KB국민 청춘대로 톡톡카드,스마일클럽_간편KB-주식회사지마켓,30000,2023,9,26,지마켓,전자상거래
2023-09-26,주국민,KB국민 청춘대로 톡톡카드,베니스에프엔에스 이레빌딩점,7000,2023,9,26,본도시락,한식
2023-09-26,주국민,KB국민 청춘대로 톡톡카드,매머드익스프레스 양평동3가점,3200,2023,9,26,이디야커피,커피/음료
2023-09-26,주국민,KB국민 청춘대로 톡톡카드,전기요금자동납부-01****0378,8580,2023,9,26,전기요금,공과금
2023-09-28,주국민,KB국민 청춘대로 톡톡카드,베니스에프엔에스 이레빌딩점,7000,2023,9,28,본도시락,한식
2023-09-29,주국민,KB국민 청춘대로 톡톡카드,네이버페이,4700,2023,9,29,네이버페이,결제대행
2023-09-30,주국민,KB국민 청춘대로 톡톡카드,베니스에프엔에스 이레빌딩점,7000,2023,9,30,본도시락,한식
2023-09-30,주국민,KB국민 청춘대로 톡톡카드,씨유 양평이레빌딩점,2400,2023,9,30,씨유,편의점
2023-09-01,차국민,KB국민 청춘대로 톡톡카드,아마노코리아(주) 방배가구거리 노상주차,1750,2023,9,1,주차,기타서비스
2023-09-03,차국민,KB국민 청춘대로 톡톡카드,베니스에프엔에스 이레빌딩점,7000,2023,9,3,본도시락,한식
2023-09-03,차국민,KB국민 청춘대로 톡톡카드,NICE결제대행-청담은,45130,2023,9,3,청담은,(건강)식품
2023-09-04,차국민,KB국민 청춘대로 톡톡카드,베니스에프엔에스 이레빌딩점,7000,2023,9,4,본도시락,한식
2023-09-04,차국민,KB국민 청춘대로 톡톡카드,뚜레쥬르사당시티점,900,2023,9,4,뚜레쥬르,제과제빵
2023-09-05,차국민,KB국민 청춘대로 톡톡카드,베니스에프엔에스 이레빌딩점,7000,2023,9,5,본도시락,한식
2023-09-05,차국민,KB국민 청춘대로 톡톡카드,크린토피아방배롯데캐슬점,6000,2023,9,5,크린토피아,세탁
2023-09-05,차국민,KB국민 청춘대로 톡톡카드,이니시스(일반)-푸드케어,52800,2023,9,5,이니시스,전자상거래
2023-09-06,차국민,KB국민 청춘대로 톡톡카드,투썸플레이스 신내SKV1센터점,4500,2023,9,6,투썸플레이스,커피/음료
2023-09-07,차국민,KB국민 청춘대로 톡톡카드,베니스에프엔에스 이레빌딩점,7000,2023,9,7,본도시락,한식
2023-09-08,차국민,KB국민 청춘대로 톡톡카드,주식회사정중한에프앤비,11000,2023,9,8,정중한에프앤비,농수산물
2023-09-09,차국민,KB국민 청춘대로 톡톡카드,매머드익스프레스 이수역점,1600,2023,9,9,이디야커피,커피/음료
2023-09-10,차국민,KB국민 청춘대로 톡톡카드,LGUPLUS통신요금자동이체(46**32),22990,2023,9,10,LGU,통신업
2023-09-10,차국민,KB국민 청춘대로 톡톡카드,베니스에프엔에스 이레빌딩점,7000,2023,9,10,본도시락,한식
2023-09-10,차국민,KB국민 청춘대로 톡톡카드,(주)티몬(일반)-주식회사티몬,33380,2023,9,10,티몬,전자상거래
2023-09-12,차국민,KB국민 청춘대로 톡톡카드,네이버페이-핑크퐁스토어,29700,2023,9,12,네이버페이,결제대행
2023-09-12,차국민,KB국민 청춘대로 톡톡카드,베니스에프엔에스 이레빌딩점,7000,2023,9,12,본도시락,한식
2023-09-12,차국민,KB국민 청춘대로 톡톡카드,크린토피아방배롯데캐슬점,7470,2023,9,12,크린토피아,세탁
2023-09-13,차국민,KB국민 청춘대로 톡톡카드,롯데리아 부산역,5400,2023,9,13,롯데리아,패스트프드
2023-09-13,차국민,KB국민 청춘대로 톡톡카드,코레일유통 (주) 남부지사,6500,2023,9,13,코레일유통,종합소매점
2023-09-13,차국민,KB국민 청춘대로 톡톡카드,지하철 17 건,21450,2023,9,13,지하철,대중교통
2023-09-13,차국민,KB국민 청춘대로 톡톡카드,버스 3 건,3300,2023,9,13,버스,대중교통
2023-09-01,명국민,KB국민 청춘대로 톡톡카드,11번가-SK PAY,970695,2023,9,1,SKPAY,결제대행
2023-09-14,명국민,KB국민 청춘대로 톡톡카드,SKPAY대표-에스케이텔레콤(주),990,2023,9,14,SKPAY,결제대행
2023-09-14,명국민,KB국민 청춘대로 톡톡카드,이디야(봉천중앙점),3100,2023,9,14,이디야,커피/음료
2023-09-15,명국민,KB국민 청춘대로 톡톡카드,베니스에프엔에스 이레빌딩점,7000,2023,9,15,본도시락,한식
2023-09-16,명국민,KB국민 청춘대로 톡톡카드,베니스에프엔에스 이레빌딩점,7000,2023,9,16,본도시락,한식
2023-09-17,명국민,KB국민 청춘대로 톡톡카드,베니스에프엔에스 이레빌딩점,7000,2023,9,17,본도시락,한식
2023-09-18,명국민,KB국민 청춘대로 톡톡카드,NICE결제대행-베베쿡,11399,2023,9,18,NICE결제대행,결제대행
2023-09-21,명국민,KB국민 청춘대로 톡톡카드,네이버페이,35661,2023,9,21,네이버페이,결제대행
2023-09-22,명국민,KB국민 청춘대로 톡톡카드,SK브로드밴드(주),29700,2023,9,22,SK브로드밴드,통신업
2023-09-22,명국민,KB국민 청춘대로 톡톡카드,베니스에프엔에스 이레빌딩점,7000,2023,9,22,본도시락,한식
2023-09-23,명국민,KB국민 청춘대로 톡톡카드,베니스에프엔에스 이레빌딩점,7000,2023,9,23,본도시락,한식
2023-09-23,명국민,KB국민 청춘대로 톡톡카드,현대해상화재보험,71560,2023,9,23,현대해상,금융/보험
2023-09-24,명국민,KB국민 청춘대로 톡톡카드,베니스에프엔에스 이레빌딩점,7000,2023,9,24,본도시락,한식
2023-09-24,명국민,KB국민 청춘대로 톡톡카드,크린토피아방배롯데캐슬점,6000,2023,9,24,크린토피아,세탁
2023-09-25,명국민,KB국민 청춘대로 톡톡카드,전기요금자동납부-01****0378,7590,2023,9,25,전기요금,공과금
2023-09-26,명국민,KB국민 청춘대로 톡톡카드,선물하기(쿠)_카카오페이-(주)카카오선물,14500,2023,9,26,카카오페이,결제대행
2023-09-26,명국민,KB국민 청춘대로 톡톡카드,프랭크버거(FRANK BURGER)당산점,12200,2023,9,26,프랭크버거,패스트푸드
2023-09-26,명국민,KB국민 청춘대로 톡톡카드,3POP(쓰리팝),4000,2023,9,26,3POP(쓰리팝),PC방
2023-09-29,명국민,KB국민 청춘대로 톡톡카드,(주)티몬-티몬,108160,2023,9,29,티몬,전자상거래
2023-09-29,명국민,KB국민 청춘대로 톡톡카드,세븐일레븐 사당1동점,6300,2023,9,29,세븐일레븐,편의점
2023-09-29,명국민,KB국민 청춘대로 톡톡카드,상품권_네이버페이,15980,2023,9,29,네이버페이,결제대행
2023-09-30,명국민,KB국민 청춘대로 톡톡카드,베니스에프엔에스 이레빌딩점,7000,2023,9,30,본도시락,한식
2023-09-30,명국민,KB국민 청춘대로 톡톡카드,지마켓-주식회사지마켓,349680,2023,9,30,지마켓,전자상거래
2023-09-30,명국민,KB국민 청춘대로 톡톡카드,베니스에프엔에스 이레빌딩점,7000,2023,9,30,본도시락,한식
2023-09-30,명국민,KB국민 청춘대로 톡톡카드,크린토피아방배롯데캐슬점,7470,2023,9,30,크린토피아,세탁
2023-09-01,주국민,KB국민 청춘대로 톡톡카드,베니스에프엔에스 이레빌딩점,7000,2023,9,1,본도시락,한식
2023-09-03,주국민,KB국민 청춘대로 톡톡카드,씨유 강서경찰서점,4300,2023,9,3,씨유,편의점
2023-09-05,주국민,KB국민 청춘대로 톡톡카드,베니스에프엔에스 이레빌딩점,7000,2023,9,5,본도시락,한식
2023-09-06,주국민,KB국민 청춘대로 톡톡카드,카페 포레스트,14500,2023,9,6,포레스트,서양식
2023-09-07,주국민,KB국민 청춘대로 톡톡카드,베니스에프엔에스 이레빌딩점,7000,2023,9,7,본도시락,한식
2023-09-07,주국민,KB국민 청춘대로 톡톡카드,버거킹 PAYCO,9000,2023,9,7,버거킹,패스트푸드
2023-09-07,주국민,KB국민 청춘대로 톡톡카드,버거킹 PAYCO,7100,2023,9,7,버거킹,패스트푸드
2023-09-08,주국민,KB국민 청춘대로 톡톡카드,베니스에프엔에스 이레빌딩점,7000,2023,9,8,본도시락,한식
2023-09-08,주국민,KB국민 청춘대로 톡톡카드,크린토피아방배롯데캐슬점,6000,2023,9,8,크린토피아,세탁
2023-09-09,주국민,KB국민 청춘대로 톡톡카드,LGUPLUS통신요금자동이체(46**32),23390,2023,9,9,LGU,통신업
2023-09-09,주국민,KB국민 청춘대로 톡톡카드,베니스에프엔에스 이레빌딩점,7000,2023,9,9,본도시락,한식
2023-09-09,주국민,KB국민 청춘대로 톡톡카드,이니스프리-(주)이니스프리,47250,2023,9,9,이니스프리,화장품
2023-09-10,주국민,KB국민 청춘대로 톡톡카드,컴포즈커피 방배카페거리점,1500,2023,9,10,컴포즈커피,커피/음료
2023-09-12,주국민,KB국민 청춘대로 톡톡카드,베니스에프엔에스 이레빌딩점,7000,2023,9,12,본도시락,한식
2023-09-12,주국민,KB국민 청춘대로 톡톡카드,(주)지마켓-주식회사지마켓,52000,2023,9,12,지마켓,전자상거래
2023-09-12,주국민,KB국민 청춘대로 톡톡카드,선물하기(쿠)_카카오페이-(주)카카오선물,11600,2023,9,12,카카오페이,결제대행
2023-09-12,주국민,KB국민 청춘대로 톡톡카드,이니시스(일반)-푸드케어,38100,2023,9,12,이니시스,전자상거래
2023-09-13,주국민,KB국민 청춘대로 톡톡카드,버스 1 건,1200,2023,9,13,버스,대중교통
2023-09-01,명국민,KB국민 청춘대로 톡톡카드,11번가-SK PAY,970695,2023,9,1,SKPAY,결제대행
2023-09-14,류리브,KB국민 청춘대로 톡톡카드,SKPAY대표-에스케이텔레콤(주),990,2023,9,14,SKPAY,결제대행
2023-09-14,류리브,KB국민 청춘대로 톡톡카드,베니스에프엔에스 이레빌딩점,7000,2023,9,14,본도시락,한식
2023-09-15,류리브,KB국민 청춘대로 톡톡카드,이니시스(일반)-(주)푸드케어,92543,2023,9,15,이니시스,전자상거래
2023-09-15,류리브,KB국민 청춘대로 톡톡카드,홈플러스 서울남현점,3150,2023,9,15,홈플러스,종합소매점
2023-09-16,류리브,KB국민 청춘대로 톡톡카드,인터파크_이니시스-주식회사인터파크,1309,2023,9,16,이니시스,전자상거래
2023-09-16,류리브,KB국민 청춘대로 톡톡카드,NICE결제대행_4-텐핑거스,21000,2023,9,16,NICE결제대행,결제대행
2023-09-17,류리브,KB국민 청춘대로 톡톡카드,베니스에프엔에스 이레빌딩점,7000,2023,9,17,본도시락,한식
2023-09-19,류리브,KB국민 청춘대로 톡톡카드,크린토피아방배롯데캐슬점,6000,2023,9,19,크린토피아,세탁
2023-09-20,류리브,KB국민 청춘대로 톡톡카드,컴포즈커피 상봉역점,1500,2023,9,20,컴포즈커피,커피/음료
2023-09-21,류리브,KB국민 청춘대로 톡톡카드,SK브로드밴드(주),29700,2023,9,21,SK브로드밴드,통신업
2023-09-21,류리브,KB국민 청춘대로 톡톡카드,NICE결제대행_4-텐핑거스,21000,2023,9,21,NICE결제대행,결제대행
2023-09-24,류리브,KB국민 청춘대로 톡톡카드,베니스에프엔에스 이레빌딩점,7000,2023,9,24,본도시락,한식
2023-09-24,류리브,KB국민 청춘대로 톡톡카드,씨유 양평이레빌딩점,2400,2023,9,24,씨유,편의점
2023-09-25,류리브,KB국민 청춘대로 톡톡카드,네이버페이,16230,2023,9,25,네이버페이,결제대행
2023-09-25,류리브,KB국민 청춘대로 톡톡카드,지마켓-주식회사지마켓,20640,2023,9,25,지마켓,전자상거래
2023-09-25,류리브,KB국민 청춘대로 톡톡카드,베니스에프엔에스 이레빌딩점,7000,2023,9,25,본도시락,한식
2023-09-25,류리브,KB국민 청춘대로 톡톡카드,전기요금자동납부-01****0378,9030,2023,9,25,전기요금,공과금
2023-09-26,류리브,KB국민 청춘대로 톡톡카드,베니스에프엔에스 이레빌딩점,7000,2023,9,26,본도시락,한식
2023-09-26,류리브,KB국민 청춘대로 톡톡카드,만랩커피 당산중앙점,5600,2023,9,26,만랩커피,커피/음료
2023-09-26,류리브,KB국민 청춘대로 톡톡카드,현대해상화재보험,71560,2023,9,26,현대해상,금융/보험
2023-09-26,류리브,KB국민 청춘대로 톡톡카드,크린토피아방배롯데캐슬점,8970,2023,9,26,크린토피아,세탁
2023-09-27,류리브,KB국민 청춘대로 톡톡카드,베니스에프엔에스 이레빌딩점,7000,2023,9,27,본도시락,한식
2023-09-27,류리브,KB국민 청춘대로 톡톡카드,11번가-SK PAY,27460,2023,9,27,SKPAY,결제대행
2023-09-27,류리브,KB국민 청춘대로 톡톡카드,네이버페이,110455,2023,9,27,네이버페이,결제대행
2023-09-28,류리브,KB국민 청춘대로 톡톡카드,11번가-SK PAY,21800,2023,9,28,SKPAY,결제대행
2023-09-28,류리브,KB국민 청춘대로 톡톡카드,베니스에프엔에스 이레빌딩점,7000,2023,9,28,본도시락,한식
2023-09-28,류리브,KB국민 청춘대로 톡톡카드,BMK버거킹당산역점,9900,2023,9,28,버거킹,패스트푸드
2023-09-29,류리브,KB국민 청춘대로 톡톡카드,카페희다 삼성점,7600,2023,9,29,카페희다,커피/음료
2023-09-30,류리브,KB국민 청춘대로 톡톡카드,배스킨라빈스선유도역점,7250,2023,9,30,배스킨라빈스,아이스크림/빙수 
2023-09-01,명국민,KB국민 청춘대로 톡톡카드,네이버페이,149000,2023,9,1,네이버페이,결제대행
2023-09-01,명국민,KB국민 청춘대로 톡톡카드,버거킹 방배점,5500,2023,9,1,버거킹,패스트푸드
2023-09-02,명국민,KB국민 청춘대로 톡톡카드,베니스에프엔에스 이레빌딩점,7000,2023,9,2,본도시락,한식
2023-09-02,명국민,KB국민 청춘대로 톡톡카드,매머드익스프레스 선유도점,1600,2023,9,2,이디야커피,커피/음료
2023-09-04,명국민,KB국민 청춘대로 톡톡카드,베니스에프엔에스 이레빌딩점,7000,2023,9,4,본도시락,한식
2023-09-06,명국민,KB국민 청춘대로 톡톡카드,크린토피아방배롯데캐슬점,500,2023,9,6,크린토피아,세탁
2023-09-11,명국민,KB국민 청춘대로 톡톡카드,KT통신요금자동납부(46**32),23540,2023,9,11,KT통신,통신업
2023-09-12,명국민,KB국민 청춘대로 톡톡카드,매머드익스프레스이수역점,1200,2023,9,12,이디야커피,커피/음료
2023-09-13,명국민,KB국민 청춘대로 톡톡카드,이니시스(일반)-홈플러스,16980,2023,9,13,이니시스,전자상거래
2023-09-13,명국민,KB국민 청춘대로 톡톡카드,버스 3 건,2500,2023,9,13,버스,대중교통
2023-09-01,명국민,KB국민 청춘대로 톡톡카드,11번가-SK PAY,970695,2023,9,1,SKPAY,결제대행
2023-09-14,라국민,KB국민 청춘대로 톡톡카드,베니스에프엔에스 이레빌딩점,7000,2023,9,14,본도시락,한식
2023-09-14,라국민,KB국민 청춘대로 톡톡카드,네이버페이,24500,2023,9,14,네이버페이,결제대행
2023-09-14,라국민,KB국민 청춘대로 톡톡카드,SKPAY대표-에스케이텔레콤(주),990,2023,9,14,SKPAY,결제대행
2023-09-15,라국민,KB국민 청춘대로 톡톡카드,베니스에프엔에스 이레빌딩점,7000,2023,9,15,본도시락,한식
2023-09-15,라국민,KB국민 청춘대로 톡톡카드,크린토피아방배롯데캐슬점,6000,2023,9,15,크린토피아,세탁
2023-09-16,라국민,KB국민 청춘대로 톡톡카드,베니스에프엔에스 이레빌딩점,7000,2023,9,16,본도시락,한식
2023-09-16,라국민,KB국민 청춘대로 톡톡카드,버거킹 PAYCO,5500,2023,9,16,버거킹,패스트푸드
2023-09-17,라국민,KB국민 청춘대로 톡톡카드,베니스에프엔에스 이레빌딩점,7000,2023,9,17,본도시락,한식
2023-09-18,라국민,KB국민 청춘대로 톡톡카드,NICE결제대행_4-텐핑거스,19500,2023,9,18,NICE결제대행,결제대행
2023-09-19,라국민,KB국민 청춘대로 톡톡카드,네이버페이-GSSHOP,4649,2023,9,19,네이버페이,결제대행
2023-09-19,라국민,KB국민 청춘대로 톡톡카드,네이버페이,32680,2023,9,19,네이버페이,결제대행
2023-09-20,라국민,KB국민 청춘대로 톡톡카드,베니스에프엔에스 이레빌딩점,7000,2023,9,20,본도시락,한식
2023-09-21,라국민,KB국민 청춘대로 톡톡카드,SK브로드밴드(주),29700,2023,9,21,SK브로드밴드,통신업
2023-09-21,라국민,KB국민 청춘대로 톡톡카드,네이버페이,39600,2023,9,21,네이버페이,결제대행
2023-09-21,라국민,KB국민 청춘대로 톡톡카드,현대해상화재보험,71560,2023,9,21,현대해상,금융/보험
2023-09-21,라국민,KB국민 청춘대로 톡톡카드,네이버페이,14400,2023,9,21,네이버페이,결제대행
2023-09-21,라국민,KB국민 청춘대로 톡톡카드,네이버페이,33720,2023,9,21,네이버페이,결제대행
2023-09-21,라국민,KB국민 청춘대로 톡톡카드,비엔나커피하우스 이수역점,11000,2023,9,21,비엔나커피하우스,커피/음료
2023-09-22,라국민,KB국민 청춘대로 톡톡카드,베니스에프엔에스 이레빌딩점,7000,2023,9,22,본도시락,한식
2023-09-22,라국민,KB국민 청춘대로 톡톡카드,크린토피아방배롯데캐슬점,6000,2023,9,22,크린토피아,세탁
2023-09-23,라국민,KB국민 청춘대로 톡톡카드,버거킹 PAYCO,5700,2023,9,23,버거킹,패스트푸드
2023-09-23,라국민,KB국민 청춘대로 톡톡카드,쿠팡(쿠페이)-쿠팡(쿠페이),25500,2023,9,23,쿠팡,전자상거래
2023-09-23,라국민,KB국민 청춘대로 톡톡카드,이마트24 방배현대점,1100,2023,9,23,이마트,종합소매점
2023-09-24,라국민,KB국민 청춘대로 톡톡카드,베니스에프엔에스 이레빌딩점,7000,2023,9,24,본도시락,한식
2023-09-24,라국민,KB국민 청춘대로 톡톡카드,쿠팡(쿠페이)-쿠팡(쿠페이),43500,2023,9,24,쿠팡,전자상거래
2023-09-25,라국민,KB국민 청춘대로 톡톡카드,이니시스(일반)-홈플러스(주),40540,2023,9,25,이니시스,전자상거래
2023-09-25,라국민,KB국민 청춘대로 톡톡카드,매머드익스프레스이수역점,760,2023,9,25,이디야커피,커피/음료
2023-09-25,라국민,KB국민 청춘대로 톡톡카드,이니시스(일반)-홈플러스(주),2990,2023,9,25,이니시스,전자상거래
2023-09-25,라국민,KB국민 청춘대로 톡톡카드,씨유 아라뱃길정서진점,9000,2023,9,25,씨유,편의점
2023-09-26,라국민,KB국민 청춘대로 톡톡카드,NICE결제대행_4-텐핑거스,16250,2023,9,26,NICE결제대행,결제대행
2023-09-27,라국민,KB국민 청춘대로 톡톡카드,선물하기(쿠)_카카오페이-(주)카카오선물,10080,2023,9,27,카카오페이,결제대행
2023-09-27,라국민,KB국민 청춘대로 톡톡카드,선물하기(쿠)_카카오페이-(주)카카오선물,10560,2023,9,27,카카오페이,결제대행
2023-09-27,라국민,KB국민 청춘대로 톡톡카드,KCP.CO.KR(일반용),47582,2023,9,27,KCP.CO.KR(일반용),전자상거래
2023-09-27,라국민,KB국민 청춘대로 톡톡카드,네이버페이-OK캐쉬백,12800,2023,9,27,네이버페이,결제대행
2023-09-27,라국민,KB국민 청춘대로 톡톡카드,전기요금자동납부-01****0378,7780,2023,9,27,전기요금,공과금
2023-09-28,라국민,KB국민 청춘대로 톡톡카드,NICE결제대행-청담은,75570,2023,9,28,청담은,(건강)식품
2023-09-28,라국민,KB국민 청춘대로 톡톡카드,베니스에프엔에스 이레빌딩점,7000,2023,9,28,본도시락,한식
2023-09-28,라국민,KB국민 청춘대로 톡톡카드,3POP(쓰리팝),3300,2023,9,28,3POP(쓰리팝),PC방
2023-09-28,라국민,KB국민 청춘대로 톡톡카드,3POP(쓰리팝),2000,2023,9,28,3POP(쓰리팝),PC방
2023-09-28,라국민,KB국민 청춘대로 톡톡카드,3POP(쓰리팝),2000,2023,9,28,3POP(쓰리팝),PC방
2023-09-29,라국민,KB국민 청춘대로 톡톡카드,베니스에프엔에스 이레빌딩점,7000,2023,9,29,본도시락,한식
2023-09-29,라국민,KB국민 청춘대로 톡톡카드,크린토피아방배롯데캐슬점,7470,2023,9,29,크린토피아,세탁
2023-09-30,라국민,KB국민 청춘대로 톡톡카드,홈플러스 서울남현점,2150,2023,9,30,홈플러스,종합소매점
2023-09-01,류리브,KB국민 청춘대로 톡톡카드,지에스25 사당우성점,11500,2023,9,1,지에스25,편의점
2023-09-01,류리브,KB국민 청춘대로 톡톡카드,배스킨라빈스,3500,2023,9,1,배스킨라빈스,아이스크림/빙수 
2023-09-03,류리브,KB국민 청춘대로 톡톡카드,베니스에프엔에스 이레빌딩점,7000,2023,9,3,본도시락,한식
2023-09-03,류리브,KB국민 청춘대로 톡톡카드,우정사업본부(우체국),3880,2023,9,3,우체국,운송
2023-09-04,류리브,KB국민 청춘대로 톡톡카드,베니스에프엔에스 이레빌딩점,7000,2023,9,4,본도시락,한식
2023-09-04,류리브,KB국민 청춘대로 톡톡카드,네이버페이,43078,2023,9,4,네이버페이,결제대행
2023-09-04,류리브,KB국민 청춘대로 톡톡카드,네이버페이,16010,2023,9,4,네이버페이,결제대행
2023-09-06,류리브,KB국민 청춘대로 톡톡카드,베니스에프엔에스 이레빌딩점,7000,2023,9,6,본도시락,한식
2023-09-06,류리브,KB국민 청춘대로 톡톡카드,홈플러스(주)-홈플러스,27330,2023,9,6,홈플러스,종합소매점
2023-09-06,류리브,KB국민 청춘대로 톡톡카드,크린토피아방배롯데캐슬점,7500,2023,9,6,크린토피아,세탁
2023-09-07,류리브,KB국민 청춘대로 톡톡카드,베니스에프엔에스 이레빌딩점,7000,2023,9,7,본도시락,한식
2023-09-07,류리브,KB국민 청춘대로 톡톡카드,매머드익스프레스 당산이레빌딩점,3600,2023,9,7,이디야커피,커피/음료
2023-09-08,류리브,KB국민 청춘대로 톡톡카드,교촌치킨 신내1호점,22000,2023,9,8,교촌치킨,치킨
2023-09-09,류리브,KB국민 청춘대로 톡톡카드,카카오T주차-카카오T주차,5000,2023,9,9,주차,기타서비스
2023-09-10,류리브,KB국민 청춘대로 톡톡카드,인터파크_이니시스-주식회사인터파크,1500,2023,9,10,이니시스,전자상거래
2023-09-10,류리브,KB국민 청춘대로 톡톡카드,베니스에프엔에스 이레빌딩점,7000,2023,9,10,본도시락,한식
2023-09-11,류리브,KB국민 청춘대로 톡톡카드,네이버페이,16500,2023,9,11,네이버페이,결제대행
2023-09-11,류리브,KB국민 청춘대로 톡톡카드,KT통신요금자동납부(46**32),23540,2023,9,11,KT통신,통신업
2023-09-11,류리브,KB국민 청춘대로 톡톡카드,베니스에프엔에스 이레빌딩점,7000,2023,9,11,본도시락,한식
2023-09-11,류리브,KB국민 청춘대로 톡톡카드,컴포즈커피 당산한강포스빌점,4500,2023,9,11,컴포즈커피,커피/음료
2023-09-12,류리브,KB국민 청춘대로 톡톡카드,크린토피아방배롯데캐슬점,7470,2023,9,12,크린토피아,세탁
2023-09-13,류리브,KB국민 청춘대로 톡톡카드,컴포즈커피 당산한강포스빌점,4500,2023,9,13,컴포즈커피,커피/음료
2023-09-13,류리브,KB국민 청춘대로 톡톡카드,지하철 3 건,4350,2023,9,13,지하철,대중교통
2023-09-13,류리브,KB국민 청춘대로 톡톡카드,버스 1 건,1200,2023,9,13,버스,대중교통
2023-09-14,우리브,KB국민 청춘대로 톡톡카드,베니스에프엔에스 이레빌딩점,7000,2023,9,14,본도시락,한식
2023-09-15,우리브,KB국민 청춘대로 톡톡카드,베니스에프엔에스 이레빌딩점,7000,2023,9,15,본도시락,한식
2023-09-15,우리브,KB국민 청춘대로 톡톡카드,씨유 양평이레빌딩점,2400,2023,9,15,씨유,편의점
2023-09-15,우리브,KB국민 청춘대로 톡톡카드,크린토피아방배롯데캐슬점,6000,2023,9,15,크린토피아,세탁
2023-09-16,우리브,KB국민 청춘대로 톡톡카드,베니스에프엔에스 이레빌딩점,7000,2023,9,16,본도시락,한식
2023-09-16,우리브,KB국민 청춘대로 톡톡카드,현대해상화재보험,71570,2023,9,16,현대해상,금융/보험
2023-09-17,우리브,KB국민 청춘대로 톡톡카드,베니스에프엔에스 이레빌딩점,7000,2023,9,17,본도시락,한식
2023-09-17,우리브,KB국민 청춘대로 톡톡카드,네이버페이-GSSHOP,4600,2023,9,17,네이버페이,결제대행
2023-09-18,우리브,KB국민 청춘대로 톡톡카드,국대떡볶이(이수점),13000,2023,9,18,국대떡볶이,분식
2023-09-20,우리브,KB국민 청춘대로 톡톡카드,이니시스(일반)-푸드케어,73710,2023,9,20,이니시스,전자상거래
2023-09-20,우리브,KB국민 청춘대로 톡톡카드,베니스에프엔에스 이레빌딩점,7000,2023,9,20,본도시락,한식
2023-09-21,우리브,KB국민 청춘대로 톡톡카드,SK브로드밴드(주),29700,2023,9,21,SK브로드밴드,통신업
2023-09-21,우리브,KB국민 청춘대로 톡톡카드,베니스에프엔에스 이레빌딩점,7000,2023,9,21,본도시락,한식
2023-09-22,우리브,KB국민 청춘대로 톡톡카드,네이버페이-GSSHOP,3785,2023,9,22,네이버페이,결제대행
2023-09-23,우리브,KB국민 청춘대로 톡톡카드,크린토피아방배롯데캐슬점,5000,2023,9,23,크린토피아,세탁
2023-09-24,우리브,KB국민 청춘대로 톡톡카드,커피빈코리아 남부터미널역점,11000,2023,9,24,남부,기타 외식
2023-09-25,우리브,KB국민 청춘대로 톡톡카드,담미온,19000,2023,9,25,담미온,한식
2023-09-25,우리브,KB국민 청춘대로 톡톡카드,카페희다 삼성점,6300,2023,9,25,카페희다,커피/음료
2023-09-27,우리브,KB국민 청춘대로 톡톡카드,베니스에프엔에스 이레빌딩점,7000,2023,9,27,본도시락,한식
2023-09-27,우리브,KB국민 청춘대로 톡톡카드,전기요금자동납부-01****0378,8990,2023,9,27,전기요금,공과금
2023-09-28,우리브,KB국민 청춘대로 톡톡카드,베니스에프엔에스 이레빌딩점,7000,2023,9,28,본도시락,한식
2023-09-02,라국민,KB국민 청춘대로 톡톡카드,크린토피아방배롯데캐슬점,5000,2023,9,2,크린토피아,세탁
2023-09-03,라국민,KB국민 청춘대로 톡톡카드,베니스에프엔에스 이레빌딩점,7000,2023,9,3,본도시락,한식
2023-09-04,라국민,KB국민 청춘대로 톡톡카드,이디야커피(총신대입구역점),3600,2023,9,4,이디야커피,커피/음료
2023-09-05,라국민,KB국민 청춘대로 톡톡카드,네이버페이,14930,2023,9,5,네이버페이,결제대행
2023-09-06,라국민,KB국민 청춘대로 톡톡카드,롯데쇼핑(주)_상품권-롯데쇼핑(주),16000,2023,9,6,롯데쇼핑,종합소매점
2023-09-06,라국민,KB국민 청춘대로 톡톡카드,(주)티몬_카카오페이-(주)티몬,69500,2023,9,6,티몬,전자상거래
2023-09-06,라국민,KB국민 청춘대로 톡톡카드,버거킹 PAYCO,5200,2023,9,6,버거킹,패스트푸드
2023-09-07,라국민,KB국민 청춘대로 톡톡카드,홈플러스(주)-홈플러스,41400,2023,9,7,홈플러스,종합소매점
2023-09-07,라국민,KB국민 청춘대로 톡톡카드,베니스에프엔에스 이레빌딩점,7000,2023,9,7,본도시락,한식
2023-09-07,라국민,KB국민 청춘대로 톡톡카드,NICE결제대행-베베쿡,22400,2023,9,7,NICE결제대행,결제대행
2023-09-08,라국민,KB국민 청춘대로 톡톡카드,베니스에프엔에스 이레빌딩점,7000,2023,9,8,본도시락,한식
2023-09-08,라국민,KB국민 청춘대로 톡톡카드,크린토피아방배롯데캐슬점,7470,2023,9,8,크린토피아,세탁
2023-09-10,라국민,KB국민 청춘대로 톡톡카드,베니스에프엔에스 이레빌딩점,7000,2023,9,10,본도시락,한식
2023-09-10,라국민,KB국민 청춘대로 톡톡카드,매머드익스프레스 당산이레빌딩점,640,2023,9,10,이디야커피,커피/음료
2023-09-10,라국민,KB국민 청춘대로 톡톡카드,네이버페이-유니프랜드,11790,2023,9,10,네이버페이,결제대행
2023-09-10,라국민,KB국민 청춘대로 톡톡카드,11번가-SK PAY,19000,2023,9,10,SKPAY,결제대행
2023-09-10,라국민,KB국민 청춘대로 톡톡카드,이니시스(일반)-푸드케어,22720,2023,9,10,이니시스,전자상거래
2023-09-12,라국민,KB국민 청춘대로 톡톡카드,KB국민카드_카카오페이(일반)_개인영세,31600,2023,9,12,카카오페이,결제대행
2023-09-13,라국민,KB국민 청춘대로 톡톡카드,KT통신요금자동납부(46**32),23540,2023,9,13,KT통신,통신업
2023-09-13,라국민,KB국민 청춘대로 톡톡카드,베니스에프엔에스 이레빌딩점,7000,2023,9,13,본도시락,한식
2023-09-13,라국민,KB국민 청춘대로 톡톡카드,우정사업본부(우체국),4000,2023,9,13,우체국,운송
2023-09-13,라국민,KB국민 청춘대로 톡톡카드,주식회사코르피아,1100,2023,9,13,주식회사코르피아,기타도소매
2023-09-13,라국민,KB국민 청춘대로 톡톡카드,버스 1 건,1200,2023,9,13,버스,대중교통
2023-09-13,라국민,KB국민 청춘대로 톡톡카드,지하철 1 건,50,2023,9,13,지하철,대중교통
2023-09-13,마국민,KB국민 청춘대로 톡톡카드,베니스에프엔에스 이레빌딩점,7000,2023,9,13,본도시락,한식
2023-09-13,마국민,KB국민 청춘대로 톡톡카드,매머드익스프레스 당산이레빌딩점,5200,2023,9,13,이디야커피,커피/음료
2023-09-14,마국민,KB국민 청춘대로 톡톡카드,네이버페이-푸드케어,60260,2023,9,14,네이버페이,결제대행
2023-09-14,마국민,KB국민 청춘대로 톡톡카드,화씨이육공 사당역점,64800,2023,9,14,화씨이육공,기타도소매
2023-09-14,마국민,KB국민 청춘대로 톡톡카드,대가순대국,24000,2023,9,14,대가순대국,한식
2023-09-16,마국민,KB국민 청춘대로 톡톡카드,베니스에프엔에스 이레빌딩점,7000,2023,9,16,본도시락,한식
2023-09-18,마국민,KB국민 청춘대로 톡톡카드,현대해상화재보험,71570,2023,9,18,현대해상,금융/보험
2023-09-18,마국민,KB국민 청춘대로 톡톡카드,베니스에프엔에스 이레빌딩점,7000,2023,9,18,본도시락,한식
2023-09-18,마국민,KB국민 청춘대로 톡톡카드,매머드익스프레스 당산이레빌딩점,4700,2023,9,18,이디야커피,커피/음료
2023-09-18,마국민,KB국민 청춘대로 톡톡카드,크린토피아방배롯데캐슬점,6000,2023,9,18,크린토피아,세탁
2023-09-19,마국민,KB국민 청춘대로 톡톡카드,티몬-(주)티몬,25870,2023,9,19,티몬,전자상거래
2023-09-13,마국민,KB국민 청춘대로 톡톡카드,팔덕식당 당산역점,46000,2023,9,13,팔덕식당,한식
2023-09-14,마국민,KB국민 청춘대로 톡톡카드,네이버페이-올리브영,20361,2023,9,14,네이버페이,결제대행
2023-09-14,마국민,KB국민 청춘대로 톡톡카드,티몬_PAYCO-(주)티몬,29500,2023,9,14,티몬,전자상거래
2023-09-14,마국민,KB국민 청춘대로 톡톡카드,NICE결제대행-베베쿡,28900,2023,9,14,NICE결제대행,결제대행
2023-09-15,마국민,KB국민 청춘대로 톡톡카드,티몬_PAYCO-(주)티몬,8800,2023,9,15,티몬,전자상거래
2023-09-16,마국민,KB국민 청춘대로 톡톡카드,이디야커피랩,13500,2023,9,16,이디야커피,커피/음료
2023-09-18,마국민,KB국민 청춘대로 톡톡카드,만랩커피(이수역점),2000,2023,9,18,만랩커피,커피/음료
2023-09-18,마국민,KB국민 청춘대로 톡톡카드,버거킹 PAYCO,4600,2023,9,18,버거킹,패스트푸드
2023-09-18,마국민,KB국민 청춘대로 톡톡카드,컴포즈커피 이수총신대점,1500,2023,9,18,컴포즈커피,커피/음료
2023-09-19,마국민,KB국민 청춘대로 톡톡카드,SK브로드밴드(주),29700,2023,9,19,SK브로드밴드,통신업
2023-09-20,마국민,KB국민 청춘대로 톡톡카드,베니스에프엔에스 이레빌딩점,7000,2023,9,20,본도시락,한식
2023-09-21,마국민,KB국민 청춘대로 톡톡카드,전기요금자동납부-01****0378,9070,2023,9,21,전기요금,공과금
2023-09-21,마국민,KB국민 청춘대로 톡톡카드,크린토피아방배롯데캐슬점,7220,2023,9,21,크린토피아,세탁
2023-09-21,마국민,KB국민 청춘대로 톡톡카드,지마켓-주식회사지마켓,10990,2023,9,21,지마켓,전자상거래
2023-09-21,마국민,KB국민 청춘대로 톡톡카드,선물하기(쿠)_카카오페이-(주)카카오선물,14900,2023,9,21,카카오페이,결제대행
2023-09-22,마국민,KB국민 청춘대로 톡톡카드,베니스에프엔에스 이레빌딩점,7000,2023,9,22,본도시락,한식
2023-09-22,마국민,KB국민 청춘대로 톡톡카드,컴포즈커피 당산삼성타운,1500,2023,9,22,컴포즈커피,커피/음료
2023-09-23,마국민,KB국민 청춘대로 톡톡카드,디자인훈훈 주식회사(미분당 이수점),22000,2023,9,23,미분당,기타 외식
2023-09-23,마국민,KB국민 청춘대로 톡톡카드,이니시스(일반)-홈플러스(주),65590,2023,9,23,이니시스,전자상거래
2023-09-24,마국민,KB국민 청춘대로 톡톡카드,NICE결제대행_4-텐핑거스,21000,2023,9,24,NICE결제대행,결제대행
2023-09-25,마국민,KB국민 청춘대로 톡톡카드,PAYCO_NICE-KIS정보통신,18000,2023,9,25,KIS정보통신,통신업
2023-09-25,마국민,KB국민 청춘대로 톡톡카드,베니스에프엔에스 이레빌딩점,7000,2023,9,25,본도시락,한식
2023-09-25,마국민,KB국민 청춘대로 톡톡카드,만랩커피 당산중앙점,5600,2023,9,25,만랩커피,커피/음료
2023-09-25,마국민,KB국민 청춘대로 톡톡카드,베니스에프엔에스 이레빌딩점,7000,2023,9,25,본도시락,한식
2023-09-26,마국민,KB국민 청춘대로 톡톡카드,매머드익스프레스 당산이레빌딩점,4700,2023,9,26,이디야커피,커피/음료
2023-09-27,마국민,KB국민 청춘대로 톡톡카드,11번가-SK PAY,1509,2023,9,27,SKPAY,결제대행
2023-09-27,마국민,KB국민 청춘대로 톡톡카드,버거킹 PAYCO,6200,2023,9,27,버거킹,패스트푸드
2023-09-27,마국민,KB국민 청춘대로 톡톡카드,이니시스(일반)-홈플러스(주),30760,2023,9,27,이니시스,전자상거래
2023-09-28,마국민,KB국민 청춘대로 톡톡카드,베니스에프엔에스 이레빌딩점,7000,2023,9,28,본도시락,한식
2023-09-28,마국민,KB국민 청춘대로 톡톡카드,네이버페이,41900,2023,9,28,네이버페이,결제대행
2023-09-28,마국민,KB국민 청춘대로 톡톡카드,크린토피아방배롯데캐슬점,6000,2023,9,28,크린토피아,세탁
2023-09-28,마국민,KB국민 청춘대로 톡톡카드,베니스에프엔에스 이레빌딩점,7000,2023,9,28,본도시락,한식
2023-09-30,마국민,KB국민 청춘대로 톡톡카드,이니시스(위메프)-위메프,46000,2023,9,30,이니시스,전자상거래
2023-09-30,마국민,KB국민 청춘대로 톡톡카드,컴포즈커피 이수총신대점,3000,2023,9,30,컴포즈커피,커피/음료
2023-09-30,마국민,KB국민 청춘대로 톡톡카드,매머드익스프레스이수역점,1600,2023,9,30,이디야커피,커피/음료
2023-09-30,마국민,KB국민 청춘대로 톡톡카드,KCP.CO.KR(일반용),12300,2023,9,30,KCP.CO.KR(일반용),전자상거래
2023-09-30,마국민,KB국민 청춘대로 톡톡카드,베니스에프엔에스 이레빌딩점,7000,2023,9,30,본도시락,한식
2023-09-30,마국민,KB국민 청춘대로 톡톡카드,이니시스(일반)-홈플러스(주),30580,2023,9,30,이니시스,전자상거래
2023-09-01,우리브,KB국민 청춘대로 톡톡카드,베니스에프엔에스 이레빌딩점,7000,2023,9,1,본도시락,한식
2023-09-01,우리브,KB국민 청춘대로 톡톡카드,크린토피아방배롯데캐슬점,8970,2023,9,1,크린토피아,세탁
2023-09-01,우리브,KB국민 청춘대로 톡톡카드,베니스에프엔에스 이레빌딩점,7000,2023,9,1,본도시락,한식
2023-09-03,우리브,KB국민 청춘대로 톡톡카드,컴포즈커피 당산한강포스빌점,3000,2023,9,3,컴포즈커피,커피/음료
2023-09-04,우리브,KB국민 청춘대로 톡톡카드,베니스에프엔에스 이레빌딩점,7000,2023,9,4,본도시락,한식
2023-09-04,우리브,KB국민 청춘대로 톡톡카드,컴포즈커피 당산한강포스빌점,3000,2023,9,4,컴포즈커피,커피/음료
2023-09-04,우리브,KB국민 청춘대로 톡톡카드,네이버페이-GSSHOP,9450,2023,9,4,네이버페이,결제대행
2023-09-06,우리브,KB국민 청춘대로 톡톡카드,씨유(CU) 망우금란점,2000,2023,9,6,CU,편의점
2023-09-06,우리브,KB국민 청춘대로 톡톡카드,KT통신요금자동납부(46**32),42680,2023,9,6,KT통신,통신업
2023-09-08,우리브,KB국민 청춘대로 톡톡카드,베니스에프엔에스 이레빌딩점,7000,2023,9,8,본도시락,한식
2023-09-08,우리브,KB국민 청춘대로 톡톡카드,버거킹 PAYCO,6100,2023,9,8,버거킹,패스트푸드
2023-09-09,우리브,KB국민 청춘대로 톡톡카드,버스 1 건,1450,2023,9,9,버스,대중교통
2023-09-14,황국민,KB국민 청춘대로 톡톡카드,베니스에프엔에스 이레빌딩점,7000,2023,9,14,본도시락,한식
2023-09-14,황국민,KB국민 청춘대로 톡톡카드,크린토피아방배롯데캐슬점,6000,2023,9,14,크린토피아,세탁
2023-09-14,황국민,KB국민 청춘대로 톡톡카드,홈플러스(주)-홈플러스,93280,2023,9,14,홈플러스,종합소매점
2023-09-16,황국민,KB국민 청춘대로 톡톡카드,베니스에프엔에스 이레빌딩점,7000,2023,9,16,본도시락,한식
2023-09-16,황국민,KB국민 청춘대로 톡톡카드,매머드익스프레스 당산이레빌딩점,1800,2023,9,16,이디야커피,커피/음료
2023-09-16,황국민,KB국민 청춘대로 톡톡카드,다이소아성산업선유도역점,1000,2023,9,16,다이소,기타도소매
2023-09-16,황국민,KB국민 청춘대로 톡톡카드,홈플러스 서울남현점,45580,2023,9,16,홈플러스,종합소매점
2023-09-18,황국민,KB국민 청춘대로 톡톡카드,네이버페이-이니스프리쇼핑몰,23110,2023,9,18,네이버페이,결제대행
2023-09-18,황국민,KB국민 청춘대로 톡톡카드,매머드익스프레스이수역점,900,2023,9,18,이디야커피,커피/음료
2023-09-19,황국민,KB국민 청춘대로 톡톡카드,베니스에프엔에스 이레빌딩점,7000,2023,9,19,본도시락,한식
2023-09-20,황국민,KB국민 청춘대로 톡톡카드,베니스에프엔에스 이레빌딩점,7000,2023,9,20,본도시락,한식
2023-09-20,황국민,KB국민 청춘대로 톡톡카드,PAYCO_NICE-KIS정보통신,18000,2023,9,20,KIS정보통신,통신업
2023-09-20,황국민,KB국민 청춘대로 톡톡카드,네이버페이-공영쇼핑,19677,2023,9,20,네이버페이,결제대행
2023-09-20,황국민,KB국민 청춘대로 톡톡카드,네이버페이,39600,2023,9,20,네이버페이,결제대행
2023-09-21,황국민,KB국민 청춘대로 톡톡카드,SK브로드밴드(주),29700,2023,9,21,SK브로드밴드,통신업
2023-09-21,황국민,KB국민 청춘대로 톡톡카드,현대해상화재보험,72980,2023,9,21,현대해상,금융/보험
2023-09-21,황국민,KB국민 청춘대로 톡톡카드,크린토피아방배롯데캐슬점,8970,2023,9,21,크린토피아,세탁
2023-09-22,황국민,KB국민 청춘대로 톡톡카드,버거킹 PAYCO,5500,2023,9,22,버거킹,패스트푸드
2023-09-22,황국민,KB국민 청춘대로 톡톡카드,버거킹 PAYCO,4200,2023,9,22,버거킹,패스트푸드
2023-09-23,황국민,KB국민 청춘대로 톡톡카드,베니스에프엔에스 이레빌딩점,7000,2023,9,23,본도시락,한식
2023-09-23,황국민,KB국민 청춘대로 톡톡카드,버거킹 PAYCO,1000,2023,9,23,버거킹,패스트푸드
2023-09-23,황국민,KB국민 청춘대로 톡톡카드,선물하기(쿠)_카카오페이-(주)카카오선물,14900,2023,9,23,카카오페이,결제대행
2023-09-24,황국민,KB국민 청춘대로 톡톡카드,롯데마트 청량리점,9900,2023,9,24,롯데마트,종합소매점
2023-09-24,황국민,KB국민 청춘대로 톡톡카드,주문하기_카카오페이-씨엔티테크(주),3000,2023,9,24,카카오페이,결제대행
2023-09-24,황국민,KB국민 청춘대로 톡톡카드,요기요-요기요_위대한상상,14300,2023,9,24,요기요,배달
2023-09-24,황국민,KB국민 청춘대로 톡톡카드,파리바게뜨망우금란,5700,2023,9,24,파리바게뜨,제과제빵
2023-09-25,황국민,KB국민 청춘대로 톡톡카드,NICE결제대행-청담은,1500,2023,9,25,청담은,(건강)식품
2023-09-26,황국민,KB국민 청춘대로 톡톡카드,네이버페이,12150,2023,9,26,네이버페이,결제대행
2023-09-26,황국민,KB국민 청춘대로 톡톡카드,NICE결제대행-베베쿡,21800,2023,9,26,NICE결제대행,결제대행
2023-09-26,황국민,KB국민 청춘대로 톡톡카드,베니스에프엔에스 이레빌딩점,7000,2023,9,26,본도시락,한식
2023-09-26,황국민,KB국민 청춘대로 톡톡카드,롯데쇼핑-롯데쇼핑주식회사,9830,2023,9,26,롯데쇼핑,종합소매점
2023-09-26,황국민,KB국민 청춘대로 톡톡카드,전기요금자동납부-01****0378,8050,2023,9,26,전기요금,공과금
2023-09-27,황국민,KB국민 청춘대로 톡톡카드,베니스에프엔에스 이레빌딩점,7000,2023,9,27,본도시락,한식
2023-09-27,황국민,KB국민 청춘대로 톡톡카드,매머드익스프레스 당산이레빌딩점,3300,2023,9,27,이디야커피,커피/음료
2023-09-28,황국민,KB국민 청춘대로 톡톡카드,베니스에프엔에스 이레빌딩점,7000,2023,9,28,본도시락,한식
2023-09-28,황국민,KB국민 청춘대로 톡톡카드,티몬-(주)티몬,45000,2023,9,28,티몬,전자상거래
2023-09-29,황국민,KB국민 청춘대로 톡톡카드,크린토피아방배롯데캐슬점,6000,2023,9,29,크린토피아,세탁
2023-09-29,황국민,KB국민 청춘대로 톡톡카드,매머드익스프레스이수역점,900,2023,9,29,이디야커피,커피/음료
2023-09-30,황국민,KB국민 청춘대로 톡톡카드,위메프-주식회사위메프,8500,2023,9,30,위메프,전자상거래
2023-09-30,황국민,KB국민 청춘대로 톡톡카드,홈플러스-홈플러스,37890,2023,9,30,홈플러스,종합소매점
2023-09-30,황국민,KB국민 청춘대로 톡톡카드,베니스에프엔에스 이레빌딩점,7000,2023,9,30,본도시락,한식
2023-09-30,황국민,KB국민 청춘대로 톡톡카드,버거킹 PAYCO,5500,2023,9,30,버거킹,패스트푸드
2023-09-01,마국민,KB국민 청춘대로 톡톡카드,매머드익스프레스이수역점,900,2023,9,1,이디야커피,커피/음료
2023-09-02,마국민,KB국민 청춘대로 톡톡카드,베니스에프엔에스 이레빌딩점,7000,2023,9,2,본도시락,한식
2023-09-03,마국민,KB국민 청춘대로 톡톡카드,베니스에프엔에스 이레빌딩점,7000,2023,9,3,본도시락,한식
2023-09-03,마국민,KB국민 청춘대로 톡톡카드,매머드익스프레스 당산이레빌딩점,6500,2023,9,3,이디야커피,커피/음료
2023-09-03,마국민,KB국민 청춘대로 톡톡카드,GS25 방배타운점,5000,2023,9,3,GS25,편의점
2023-09-04,마국민,KB국민 청춘대로 톡톡카드,베니스에프엔에스 이레빌딩점,7000,2023,9,4,본도시락,한식
2023-09-04,마국민,KB국민 청춘대로 톡톡카드,크린토피아방배롯데캐슬점,8970,2023,9,4,크린토피아,세탁
2023-09-05,마국민,KB국민 청춘대로 톡톡카드,매머드익스프레스 당산이레빌딩점,3300,2023,9,5,이디야커피,커피/음료
2023-09-05,마국민,KB국민 청춘대로 톡톡카드,베니스에프엔에스 이레빌딩점,7000,2023,9,5,본도시락,한식
2023-09-05,마국민,KB국민 청춘대로 톡톡카드,11번가-SK PAY,238910,2023,9,5,SKPAY,결제대행
2023-09-05,마국민,KB국민 청춘대로 톡톡카드,롯데리아이수역점,4500,2023,9,5,롯데리아,패스트프드
2023-09-06,마국민,KB국민 청춘대로 톡톡카드,베니스에프엔에스 이레빌딩점,7000,2023,9,6,본도시락,한식
2023-09-07,마국민,KB국민 청춘대로 톡톡카드,티몬_PAYCO-(주)티몬,17600,2023,9,7,티몬,전자상거래
2023-09-07,마국민,KB국민 청춘대로 톡톡카드,대가순대국,32000,2023,9,7,대가순대국,한식
2023-09-09,마국민,KB국민 청춘대로 톡톡카드,LGUPLUS통신요금자동이체(46**32),55000,2023,9,9,LGU,통신업
2023-09-09,마국민,KB국민 청춘대로 톡톡카드,베니스에프엔에스 이레빌딩점,7000,2023,9,9,본도시락,한식
2023-09-10,마국민,KB국민 청춘대로 톡톡카드,베니스에프엔에스 이레빌딩점,7000,2023,9,10,본도시락,한식
2023-09-10,마국민,KB국민 청춘대로 톡톡카드,요기요-요기요_위대한상상,10500,2023,9,10,요기요,배달
2023-09-11,마국민,KB국민 청춘대로 톡톡카드,선물하기(쿠)_카카오페이-(주)카카오선물,14500,2023,9,11,카카오페이,결제대행
2023-09-11,마국민,KB국민 청춘대로 톡톡카드,베니스에프엔에스 이레빌딩점,7000,2023,9,11,본도시락,한식
2023-09-11,마국민,KB국민 청춘대로 톡톡카드,네이버페이-데코뷰,58110,2023,9,11,네이버페이,결제대행
2023-09-11,마국민,KB국민 청춘대로 톡톡카드,크린토피아방배롯데캐슬점,8970,2023,9,11,크린토피아,세탁
2023-09-12,마국민,KB국민 청춘대로 톡톡카드,버거킹 PAYCO,4600,2023,9,12,버거킹,패스트푸드
2023-09-13,마국민,KB국민 청춘대로 톡톡카드,버스 1 건,1200,2023,9,13,버스,대중교통
2023-09-14,신리브,KB국민 청춘대로 톡톡카드,NICE결제대행-베베쿡,31800,2023,9,14,NICE결제대행,결제대행
2023-09-14,신리브,KB국민 청춘대로 톡톡카드,씨유 양평이레빌딩점,2400,2023,9,14,씨유,편의점
2023-09-14,신리브,KB국민 청춘대로 톡톡카드,토스페이_위메프-(주)비바리퍼블리카,16903,2023,9,14,위메프,전자상거래
2023-09-15,신리브,KB국민 청춘대로 톡톡카드,베니스에프엔에스 이레빌딩점,7000,2023,9,15,본도시락,한식
2023-09-15,신리브,KB국민 청춘대로 톡톡카드,네이버페이-GSSHOP,3287,2023,9,15,네이버페이,결제대행
2023-09-15,신리브,KB국민 청춘대로 톡톡카드,버거킹 PAYCO,4200,2023,9,15,버거킹,패스트푸드
2023-09-15,신리브,KB국민 청춘대로 톡톡카드,네이버페이,16500,2023,9,15,네이버페이,결제대행
2023-09-16,신리브,KB국민 청춘대로 톡톡카드,베니스에프엔에스 이레빌딩점,7000,2023,9,16,본도시락,한식
2023-09-16,신리브,KB국민 청춘대로 톡톡카드,매머드익스프레스 당산이레빌딩점,1800,2023,9,16,이디야커피,커피/음료
2023-09-16,신리브,KB국민 청춘대로 톡톡카드,이니시스(일반)-두레생협연합회,12920,2023,9,16,이니시스,전자상거래
2023-09-17,신리브,KB국민 청춘대로 톡톡카드,현대해상화재보험,72980,2023,9,17,현대해상,금융/보험
2023-09-17,신리브,KB국민 청춘대로 톡톡카드,위메프-주식회사위메프,24690,2023,9,17,위메프,전자상거래
2023-09-18,신리브,KB국민 청춘대로 톡톡카드,베니스에프엔에스 이레빌딩점,7000,2023,9,18,본도시락,한식
2023-09-18,신리브,KB국민 청춘대로 톡톡카드,버거킹 PAYCO,3900,2023,9,18,버거킹,패스트푸드
2023-09-21,신리브,KB국민 청춘대로 톡톡카드,SK브로드밴드(주),29700,2023,9,21,SK브로드밴드,통신업
2023-09-21,신리브,KB국민 청춘대로 톡톡카드,베니스에프엔에스 이레빌딩점,7000,2023,9,21,본도시락,한식
2023-09-22,신리브,KB국민 청춘대로 톡톡카드,NICE결제대행-베베쿡,91665,2023,9,22,NICE결제대행,결제대행
2023-09-24,신리브,KB국민 청춘대로 톡톡카드,베니스에프엔에스 이레빌딩점,7000,2023,9,24,본도시락,한식
2023-09-24,신리브,KB국민 청춘대로 톡톡카드,버거킹 PAYCO,4200,2023,9,24,버거킹,패스트푸드
2023-09-25,신리브,KB국민 청춘대로 톡톡카드,베니스에프엔에스 이레빌딩점,7000,2023,9,25,본도시락,한식
2023-09-25,신리브,KB국민 청춘대로 톡톡카드,스타벅스코리아,300,2023,9,25,스타벅스,커피/음료
2023-09-25,신리브,KB국민 청춘대로 톡톡카드,전기요금자동납부-01****0378,7420,2023,9,25,전기요금,공과금
2023-09-27,신리브,KB국민 청춘대로 톡톡카드,쿠우쿠우,119600,2023,9,27,쿠우쿠우,일식
2023-09-28,신리브,KB국민 청춘대로 톡톡카드,베니스에프엔에스 이레빌딩점,7000,2023,9,28,본도시락,한식
2023-09-28,신리브,KB국민 청춘대로 톡톡카드,만랩커피 당산중앙점,5600,2023,9,28,만랩커피,커피/음료
2023-09-29,신리브,KB국민 청춘대로 톡톡카드,네이버페이,7322,2023,9,29,네이버페이,결제대행
2023-09-30,신리브,KB국민 청춘대로 톡톡카드,크린토피아방배롯데캐슬점,4500,2023,9,30,크린토피아,세탁
2023-09-30,신리브,KB국민 청춘대로 톡톡카드,홈플러스-홈플러스,33750,2023,9,30,홈플러스,종합소매점
2023-09-01,황국민,KB국민 청춘대로 톡톡카드,베니스에프엔에스 이레빌딩점,7000,2023,9,1,본도시락,한식
2023-09-01,황국민,KB국민 청춘대로 톡톡카드,NICE결제대행-청담은,70610,2023,9,1,청담은,(건강)식품
2023-09-01,황국민,KB국민 청춘대로 톡톡카드,네이버페이,277631,2023,9,1,네이버페이,결제대행
2023-09-02,황국민,KB국민 청춘대로 톡톡카드,프랭크버거 이수역점,19800,2023,9,2,프랭크버거,패스트푸드
2023-09-06,황국민,KB국민 청춘대로 톡톡카드,베니스에프엔에스 이레빌딩점,7000,2023,9,6,본도시락,한식
2023-09-06,황국민,KB국민 청춘대로 톡톡카드,버거킹 PAYCO,5500,2023,9,6,버거킹,패스트푸드
2023-09-07,황국민,KB국민 청춘대로 톡톡카드,베니스에프엔에스 이레빌딩점,7000,2023,9,7,본도시락,한식
2023-09-07,황국민,KB국민 청춘대로 톡톡카드,크린토피아방배롯데캐슬점,8970,2023,9,7,크린토피아,세탁
2023-09-08,황국민,KB국민 청춘대로 톡톡카드,베니스에프엔에스 이레빌딩점,7000,2023,9,8,본도시락,한식
2023-09-08,황국민,KB국민 청춘대로 톡톡카드,버거킹 PAYCO,4200,2023,9,8,버거킹,패스트푸드
2023-09-09,황국민,KB국민 청춘대로 톡톡카드,LGUPLUS통신요금자동이체(46**32),55000,2023,9,9,LGU,통신업
2023-09-09,황국민,KB국민 청춘대로 톡톡카드,베니스에프엔에스 이레빌딩점,7000,2023,9,9,본도시락,한식
2023-09-09,황국민,KB국민 청춘대로 톡톡카드,매머드익스프레스 당산이레빌딩점,900,2023,9,9,이디야커피,커피/음료
2023-09-12,황국민,KB국민 청춘대로 톡톡카드,인터파크_이니시스-주식회사인터파크,16520,2023,9,12,이니시스,전자상거래
2023-09-12,황국민,KB국민 청춘대로 톡톡카드,NICE결제대행-베베쿡,31500,2023,9,12,NICE결제대행,결제대행
2023-09-13,황국민,KB국민 청춘대로 톡톡카드,홈플러스-홈플러스,23630,2023,9,13,홈플러스,종합소매점
2023-09-13,황국민,KB국민 청춘대로 톡톡카드,지하철 4 건,5300,2023,9,13,지하철,대중교통
2023-09-14,백리브,KB국민 청춘대로 톡톡카드,베니스에프엔에스 이레빌딩점,7000,2023,9,14,본도시락,한식
2023-09-15,백리브,KB국민 청춘대로 톡톡카드,BKR버거킹사당역점,2500,2023,9,15,버거킹,패스트푸드
2023-09-16,백리브,KB국민 청춘대로 톡톡카드,티몬_PAYCO-(주)티몬,10230,2023,9,16,티몬,전자상거래
2023-09-16,백리브,KB국민 청춘대로 톡톡카드,티몬-(주)티몬,9680,2023,9,16,티몬,전자상거래
2023-09-17,백리브,KB국민 청춘대로 톡톡카드,베니스에프엔에스 이레빌딩점,7000,2023,9,17,본도시락,한식
2023-09-17,백리브,KB국민 청춘대로 톡톡카드,매머드익스프레스 당산이레빌딩점,2700,2023,9,17,이디야커피,커피/음료
2023-09-17,백리브,KB국민 청춘대로 톡톡카드,NICE결제대행-보고플레이,6900,2023,9,17,NICE결제대행,결제대행
2023-09-18,백리브,KB국민 청춘대로 톡톡카드,티몬-(주)티몬,5600,2023,9,18,티몬,전자상거래
2023-09-18,백리브,KB국민 청춘대로 톡톡카드,베니스에프엔에스 이레빌딩점,7000,2023,9,18,본도시락,한식
2023-09-19,백리브,KB국민 청춘대로 톡톡카드,NICE결제대행-보고플레이,7900,2023,9,19,NICE결제대행,결제대행
2023-09-19,백리브,KB국민 청춘대로 톡톡카드,베니스에프엔에스 이레빌딩점,7000,2023,9,19,본도시락,한식
2023-09-19,백리브,KB국민 청춘대로 톡톡카드,크린토피아방배롯데캐슬점,6000,2023,9,19,크린토피아,세탁
2023-09-19,백리브,KB국민 청춘대로 톡톡카드,홈플러스-홈플러스,90930,2023,9,19,홈플러스,종합소매점
2023-09-20,백리브,KB국민 청춘대로 톡톡카드,현대해상화재보험,72980,2023,9,20,현대해상,금융/보험
2023-09-20,백리브,KB국민 청춘대로 톡톡카드,프랭크버거 이수역점,13300,2023,9,20,프랭크버거,패스트푸드
2023-09-21,백리브,KB국민 청춘대로 톡톡카드,SK브로드밴드(주),29700,2023,9,21,SK브로드밴드,통신업
2023-09-21,백리브,KB국민 청춘대로 톡톡카드,이니시스(위메프)-위메프,17450,2023,9,21,이니시스,전자상거래
2023-09-21,백리브,KB국민 청춘대로 톡톡카드,베니스에프엔에스 이레빌딩점,7000,2023,9,21,본도시락,한식
2023-09-21,백리브,KB국민 청춘대로 톡톡카드,매머드익스프레스 당산이레빌딩점,2700,2023,9,21,이디야커피,커피/음료
2023-09-21,백리브,KB국민 청춘대로 톡톡카드,네이버페이,9309,2023,9,21,네이버페이,결제대행
2023-09-21,백리브,KB국민 청춘대로 톡톡카드,BKR버거킹사당역점,4600,2023,9,21,버거킹,패스트푸드
2023-09-22,백리브,KB국민 청춘대로 톡톡카드,네이버페이,16500,2023,9,22,네이버페이,결제대행
2023-09-23,백리브,KB국민 청춘대로 톡톡카드,네이버페이-오늘의집,6300,2023,9,23,네이버페이,결제대행
2023-09-23,백리브,KB국민 청춘대로 톡톡카드,BMK버거킹당산역점,4200,2023,9,23,버거킹,패스트푸드
2023-09-24,백리브,KB국민 청춘대로 톡톡카드,베니스에프엔에스 이레빌딩점,7000,2023,9,24,본도시락,한식
2023-09-24,백리브,KB국민 청춘대로 톡톡카드,크린토피아방배롯데캐슬점,7000,2023,9,24,크린토피아,세탁
2023-09-25,백리브,KB국민 청춘대로 톡톡카드,전기요금자동납부-01****0378,8550,2023,9,25,전기요금,공과금
2023-09-25,백리브,KB국민 청춘대로 톡톡카드,BKR버거킹사당역점,4500,2023,9,25,버거킹,패스트푸드
2023-09-26,백리브,KB국민 청춘대로 톡톡카드,BMK버거킹당산역점,5500,2023,9,26,버거킹,패스트푸드
2023-09-26,백리브,KB국민 청춘대로 톡톡카드,홈플러스-홈플러스,21690,2023,9,26,홈플러스,종합소매점
2023-09-27,백리브,KB국민 청춘대로 톡톡카드,위메프-(주)위메프,2900,2023,9,27,위메프,전자상거래
2023-09-27,백리브,KB국민 청춘대로 톡톡카드,베니스에프엔에스 이레빌딩점,7000,2023,9,27,본도시락,한식
2023-09-27,백리브,KB국민 청춘대로 톡톡카드,만랩커피 당산중앙점,5600,2023,9,27,만랩커피,커피/음료
2023-09-27,백리브,KB국민 청춘대로 톡톡카드,크린토피아방배롯데캐슬점,5720,2023,9,27,크린토피아,세탁
2023-09-28,백리브,KB국민 청춘대로 톡톡카드,매머드익스프레스 양평동3가점,900,2023,9,28,이디야커피,커피/음료
2023-09-29,백리브,KB국민 청춘대로 톡톡카드,이디야 양원남부점,3900,2023,9,29,남부,기타 외식
2023-09-30,백리브,KB국민 청춘대로 톡톡카드,팔각도 이수역점,73200,2023,9,30,팔각도,한식
2023-09-30,백리브,KB국민 청춘대로 톡톡카드,베니스에프엔에스 이레빌딩점,7000,2023,9,30,본도시락,한식
2023-09-02,신리브,KB국민 청춘대로 톡톡카드,위메프페이-주식회사위메프,52840,2023,9,2,위메프,전자상거래
2023-09-02,신리브,KB국민 청춘대로 톡톡카드,베니스에프엔에스 이레빌딩점,7000,2023,9,2,본도시락,한식
2023-09-02,신리브,KB국민 청춘대로 톡톡카드,매머드익스프레스 당산이레빌딩점,2700,2023,9,2,이디야커피,커피/음료
2023-09-02,신리브,KB국민 청춘대로 톡톡카드,네이버페이,14980,2023,9,2,네이버페이,결제대행
2023-09-03,신리브,KB국민 청춘대로 톡톡카드,네이버페이,6400,2023,9,3,네이버페이,결제대행
2023-09-03,신리브,KB국민 청춘대로 톡톡카드,네이버페이,6000,2023,9,3,네이버페이,결제대행
2023-09-03,신리브,KB국민 청춘대로 톡톡카드,네이버페이,9000,2023,9,3,네이버페이,결제대행
2023-09-03,신리브,KB국민 청춘대로 톡톡카드,네이버페이,12000,2023,9,3,네이버페이,결제대행
2023-09-03,신리브,KB국민 청춘대로 톡톡카드,크린토피아방배롯데캐슬점,6000,2023,9,3,크린토피아,세탁
2023-09-03,신리브,KB국민 청춘대로 톡톡카드,네이버페이,16000,2023,9,3,네이버페이,결제대행
2023-09-04,신리브,KB국민 청춘대로 톡톡카드,베니스에프엔에스 이레빌딩점,7000,2023,9,4,본도시락,한식
2023-09-04,신리브,KB국민 청춘대로 톡톡카드,네이버페이,2000,2023,9,4,네이버페이,결제대행
2023-09-05,신리브,KB국민 청춘대로 톡톡카드,이디야 양원남부점,7100,2023,9,5,남부,기타 외식
2023-09-05,신리브,KB국민 청춘대로 톡톡카드,요기요-요기요_위대한상상,3800,2023,9,5,요기요,배달
2023-09-07,신리브,KB국민 청춘대로 톡톡카드,매머드익스프레스 당산이레빌딩점,1800,2023,9,7,이디야커피,커피/음료
2023-09-07,신리브,KB국민 청춘대로 톡톡카드,베니스에프엔에스 이레빌딩점,7000,2023,9,7,본도시락,한식
2023-09-08,신리브,KB국민 청춘대로 톡톡카드,베니스에프엔에스 이레빌딩점,7000,2023,9,8,본도시락,한식
2023-09-08,신리브,KB국민 청춘대로 톡톡카드,네이버페이,59800,2023,9,8,네이버페이,결제대행
2023-09-08,신리브,KB국민 청춘대로 톡톡카드,11번가-SK PAY,601650,2023,9,8,SKPAY,결제대행
2023-09-08,신리브,KB국민 청춘대로 톡톡카드,11번가,15900,2023,9,8,11번가,전자상거래
2023-09-09,신리브,KB국민 청춘대로 톡톡카드,11번가,5980,2023,9,9,11번가,전자상거래
2023-09-09,신리브,KB국민 청춘대로 톡톡카드,LGUPLUS통신요금자동이체(46**32),55000,2023,9,9,LGU,통신업
2023-09-09,신리브,KB국민 청춘대로 톡톡카드,홈플러스(주)-홈플러스,27950,2023,9,9,홈플러스,종합소매점
2023-09-11,신리브,KB국민 청춘대로 톡톡카드,네이버페이,9310,2023,9,11,네이버페이,결제대행
2023-09-11,신리브,KB국민 청춘대로 톡톡카드,네이버페이,59800,2023,9,11,네이버페이,결제대행
2023-09-11,신리브,KB국민 청춘대로 톡톡카드,베니스에프엔에스 이레빌딩점,7000,2023,9,11,본도시락,한식
2023-09-11,신리브,KB국민 청춘대로 톡톡카드,버거킹 PAYCO,3900,2023,9,11,버거킹,패스트푸드
2023-09-12,신리브,KB국민 청춘대로 톡톡카드,이디야 양원남부점,600,2023,9,12,남부,기타 외식
2023-09-13,신리브,KB국민 청춘대로 톡톡카드,버스 1 건,2800,2023,9,13,버스,대중교통
